Title,Date
"Grand Army: Season 1: Relationship Goals","10/22/20"
"Grand Army: Season 1: See Me","10/22/20"
"The Trial of the Chicago 7","10/19/20"
"Unsolved Mysteries: Volume 2: Washington Insider Murder","10/19/20"
"Grand Army: Season 1: Brooklyn, 2020","10/17/20"
"David Attenborough: A Life on Our Planet","10/16/20"
"Sherlock: Series 1: A Study in Pink","10/16/20"
"Norsemen: Season 3: Scrotum Whipping","10/16/20"
"Norsemen: Season 3: Do You Believe in Dragons?","10/16/20"
"Norsemen: Season 3: War Table","10/16/20"
"Norsemen: Season 3: Wedding and Sacrifice","10/16/20"
"Norsemen: Season 3: Bachelor Party","10/15/20"
"Norsemen: Season 3: Thin Up Top","10/15/20"
"Norsemen: Season 2: The Last Domino","10/15/20"
"Norsemen: Season 2: The Thing","10/15/20"
"Derry Girls: Season 2: Episode 3","10/14/20"
"Derry Girls: Season 2: Episode 2","10/14/20"
"Derry Girls: Season 2: Episode 1","10/14/20"
"Norsemen: Season 2: Vengeance","10/13/20"
"Norsemen: Season 2: Hand Job","10/13/20"
"Norsemen: Season 2: Slavebound","10/13/20"
"Norsemen: Season 2: East vs West","10/12/20"
"Norsemen: Season 1: The Duel","10/12/20"
"Norsemen: Season 1: The Siege","10/12/20"
"Norsemen: Season 1: The Raid","10/12/20"
"Norsemen: Season 1: The Funeral","10/12/20"
"Norsemen: Season 1: The Escape","10/12/20"
"Norsemen: Season 1: The Homecoming","10/12/20"
"The Man from U.N.C.L.E.","10/11/20"
"Glow Up: Season 1: The Final","10/11/20"
"The Haunting of Bly Manor: The Two Faces, Part Two","10/11/20"
"The Haunting of Bly Manor: The Jolly Corner","10/11/20"
"The Haunting of Bly Manor: The Altar of the Dead","10/11/20"
"The Haunting of Bly Manor: The Way It Came","10/11/20"
"Code Geass: Lelouch of the Rebellion: Season 1: Episode 4","10/10/20"
"Rage of Bahamut: Genesis: Season 1: Escape from Livian","10/10/20"
"STEINS;GATE: Steins;Gate: Rendezvous of Electrical Charge Conflict","10/10/20"
"Glow Up: Season 1: Makeup Through the Decades","10/10/20"
"Glow Up: Season 1: Magazine Beauty Editorial","10/10/20"
"The Haunting of Bly Manor: The Two Faces, Part One","10/10/20"
"The Haunting of Bly Manor: The Pupil","10/10/20"
"Travelers: Season 1: Kathryn","10/9/20"
"Travelers: Season 1: Bishop","10/9/20"
"The Haunting of Bly Manor: The Great Good Place","10/9/20"
"Travelers: Season 1: Donner","10/9/20"
"Travelers: Season 1: Protocol 5","10/9/20"
"Travelers: Season 1: Helios 685","10/9/20"
"Emily in Paris: Season 1: Cancel Couture","10/8/20"
"Emily in Paris: Season 1: An American Auction in Paris","10/8/20"
"Emily in Paris: Season 1: Family Affair","10/8/20"
"Emily in Paris: Season 1: French Ending","10/8/20"
"Travelers: Season 1: Room 101","10/7/20"
"Travelers: Season 1: Hall","10/7/20"
"Travelers: Season 1: Aleksander","10/7/20"
"Emily in Paris: Season 1: Ringarde","10/7/20"
"Travelers: Season 1: Protocol 6","10/5/20"
"Travelers: Season 1: Pilot","10/4/20"
"Sense8: Season 2: Amor Vincit Omnia","10/3/20"
"Sense8: Season 2: You Want a War?","10/3/20"
"Sense8: Season 2: If All the World's a Stage, Identity Is Nothing But a Costume","10/3/20"
"Emily in Paris: Season 1: Faux Amis","10/3/20"
"Emily in Paris: Season 1: A Kiss Is Just A Kiss","10/3/20"
"Emily in Paris: Season 1: Sexy or Sexist","10/3/20"
"Emily in Paris: Season 1: Masculin Féminin","10/3/20"
"Emily in Paris: Season 1: Emily in Paris","10/3/20"
"Great Pretender: Season 1: Case 1_1: Los Angeles Connection","10/3/20"
"Sense8: Season 2: What Family Actually Means","10/2/20"
"Sense8: Season 2: All I Want Right Now Is One More Bullet","10/2/20"
"Sense8: Season 2: I Have No Room In My Heart For Hate","10/2/20"
"Sense8: Season 2: Isolated Above, Connected Below","10/2/20"
"Sense8: Season 2: Fear Never Fixed Anything","10/2/20"
"My Octopus Teacher","10/1/20"
"Jane The Virgin: Season 5: Chapter Eighty-Three","10/1/20"
"Sense8: Season 2: Happy F*cking New Year.","9/30/20"
"Sense8: Season 1: I Can’t Leave Her","9/30/20"
"Sense8: Season 1: Just Turn the Wheel and the Future Changes","9/30/20"
"Sense8: Season 1: What Is Human?","9/30/20"
"Jane The Virgin: Season 5: Chapter Eighty-Two","9/30/20"
"The Duchess: Season 1: Episode 6","9/30/20"
"Sense8: Season 1: Demons","9/29/20"
"Sense8: Season 1: Art Is Like Religion","9/29/20"
"Sense8: Season 1: What’s Going On?","9/29/20"
"Sense8: Season 1: Smart Money Is on the Skinny Bitch","9/29/20"
"Sense8: Season 1: I Am Also a We","9/29/20"
"The Duchess: Season 1: Episode 5","9/29/20"
"The Duchess: Season 1: Episode 4","9/29/20"
"The Duchess: Season 1: Episode 3","9/29/20"
"The Duchess: Season 1: Episode 2","9/29/20"
"The Duchess: Season 1: Episode 1","9/28/20"
"Sense8: Season 1: Limbic Resonance","9/27/20"
"The Land Before Time","9/27/20"
"Challenger: Limited Series: Nothing Ends Here","9/27/20"
"Durarara!!: Durarara!! x2 Shou: A Picture Is Worth a Thousand Words","9/27/20"
"How to Sell Drugs Online (Fast): Season 1: Nerd Today, Boss Tomorrow","9/26/20"
"How to Sell Drugs Online (Fast): Season 1: Life's Not Fair, Get Used to It","9/26/20"
"Princess Mononoke","9/26/20"
"Sing","9/25/20"
"American History X","9/25/20"
"Ratched: Season 1: Pilot","9/24/20"
"Challenger: Limited Series: A Major Malfunction","9/23/20"
"Enola Holmes","9/23/20"
"Challenger: Limited Series: HELP!","9/21/20"
"Challenger: Limited Series: Space for Everyone","9/21/20"
"Accepted","9/21/20"
"The Shawshank Redemption","9/20/20"
"The Devil All The Time","9/18/20"
"A Million Ways to Die in the West","9/16/20"
"The To Do List","9/16/20"
"The Social Dilemma","9/15/20"
"The Invention of Lying","9/13/20"
"Teenage Bounty Hunters: Season 1: Something Sour Patch","9/13/20"
"Teenage Bounty Hunters: Season 1: Our Ham Is Good","9/13/20"
"The Babysitter: Killer Queen","9/13/20"
"Teenage Bounty Hunters: Season 1: From Basic to Telenovela","9/13/20"
"Teenage Bounty Hunters: Season 1: Cleave or Whatever","9/12/20"
"Teenage Bounty Hunters: Season 1: Master Debater","9/12/20"
"Teenage Bounty Hunters: Season 1: Death Is Bad","9/11/20"
"Teenage Bounty Hunters: Season 1: Basically Pluto","9/11/20"
"Teenage Bounty Hunters: Season 1: This Must Be How Dumb Kids Feel","9/9/20"
"Teenage Bounty Hunters: Season 1: What's a Jennings","9/9/20"
"Teenage Bounty Hunters: Season 1: Daddy's Truck","9/9/20"
"Seriously Single","9/9/20"
"The Prince of Egypt","9/8/20"
"Undercover: Season 1: Nouveau Monde","9/8/20"
"Undercover: Season 1: That Cop's Face","9/8/20"
"Undercover: Season 1: Sirens","9/8/20"
"Million Dollar Beach House: Season 1: Selling Season","9/6/20"
"Work It","9/6/20"
"Undercover: Season 1: Across the Border","9/5/20"
"Love, Guaranteed","9/5/20"
"Undercover: Season 1: Legio Patria Nostra","9/5/20"
"Undercover: Season 1: Italian Designer Drugs","9/5/20"
"Undercover: Season 1: Highly Sensitive","9/2/20"
"Undercover: Season 1: Camping Zonnedauw","9/2/20"
"13 Going on 30","8/28/20"
"The Real Housewives of Beverly Hills: Season 2: Back to Beverly Hills","8/26/20"
"She-Ra and the Princesses of Power: Season 1: In the Shadows of Mystacor","8/18/20"
"She-Ra and the Princesses of Power: Season 1: System Failure","8/18/20"
"She-Ra and the Princesses of Power: Season 1: The Sea Gate","8/18/20"
"She-Ra and the Princesses of Power: Season 1: Flowers for She-Ra","8/14/20"
"Styling Hollywood: Season 1: Who’s the Boss B*tch?","8/13/20"
"Styling Hollywood: Season 1: Taraji & Yara & Zazie, Oh My!","8/13/20"
"Selling Sunset: Season 2: Let the Real Estate Games Begin","8/13/20"
"Selling Sunset: Season 3: A Not So White Wedding","8/13/20"
"Selling Sunset: Season 3: Two Sides to Every Story","8/13/20"
"Selling Sunset: Season 3: One Text Changes Everything","8/13/20"
"Selling Sunset: Season 3: Bad News Travels Fast","8/12/20"
"Selling Sunset: Season 3: Everybody Loves Mary","8/12/20"
"Selling Sunset: Season 3: The Biggest Agent in the Room","8/12/20"
"Selling Sunset: Season 3: Confidence Is Key","8/12/20"
"Selling Sunset: Season 3: Back to Business","8/11/20"
"Bumblebee","8/2/20"
"She-Ra and the Princesses of Power: Season 1: Razz","8/2/20"
"She-Ra and the Princesses of Power: Season 1: The Sword Part 2","8/2/20"
"She-Ra and the Princesses of Power: Season 1: The Sword Part 1","8/2/20"
"Tokyo Ghoul: Tragedy","8/2/20"
"The Kissing Booth","7/29/20"
"The Good Place: Season 4: Whenever You're Ready","7/29/20"
"The Good Place: Season 4: Patty","7/29/20"
"The Good Place: Season 4: Mondays, Am I Right?","7/29/20"
"The Good Place: Season 4: You've Changed, Man","7/29/20"
"The Good Place: Season 4: The Answer","7/29/20"
"The Good Place: Season 4: The Funerals To End All Funerals","7/29/20"
"The Good Place: Season 4: Help is Other People","7/29/20"
"A Certain Scientific Railgun: When Working Under a Hot Sun, Rehydration is Essential","7/29/20"
"The Good Place: Season 4: A Chip Driver Mystery","7/28/20"
"The Good Place: Season 4: Employee of the Bearimy","7/28/20"
"The Good Place: Season 4: Tinker, Tailor, Demon, Spy","7/28/20"
"The Good Place: Season 4: Chillaxing","7/28/20"
"The Good Place: Season 4: A Girl From Arizona - Part 2","7/28/20"
"The Good Place: Season 4: A Girl From Arizona - Part 1","7/28/20"
"The Good Place: Season 3: Pandemonium","7/28/20"
"The Good Place: Season 3: Chidi Sees the Time-Knife","7/28/20"
"The Good Place: Season 3: The Book of Dougs","7/28/20"
"The Good Place: Season 3: Janet(s)","7/27/20"
"The Good Place: Season 3: Don't Let the Good Life Pass You By","7/27/20"
"The Good Place: Season 3: The Worst Possible Use of Free Will","7/27/20"
"The Good Place: Season 3: A Fractured Inheritance","7/27/20"
"The Good Place: Season 3: The Ballad of Donkey Doug","7/27/20"
"The Good Place: Season 3: Jeremy Bearimy","7/27/20"
"The Good Place: Season 3: The Snowplow","7/27/20"
"The Good Place: Season 3: The Brainy Bunch","7/26/20"
"The Good Place: Season 3: Everything is Bonzer","7/26/20"
"The Good Place: Season 2: Somewhere Else","7/26/20"
"The Good Place: Season 2: Rhonda, Diana, Jake, and Trent","7/26/20"
"The Good Place: Season 2: Best Self","7/26/20"
"The Good Place: Season 2: Leap to Faith","7/26/20"
"The Good Place: Season 2: Derek","7/26/20"
"The Good Place: Season 2: Janet and Michael","7/26/20"
"The Good Place: Season 2: The Trolley Problem","7/26/20"
"The Good Place: Season 2: Existential Crisis","7/26/20"
"The Good Place: Season 2: Team Cockroach","7/26/20"
"The Good Place: Season 2: Dance Dance Resolution","7/26/20"
"The Good Place: Season 2: Everything Is Great!","7/26/20"
"Brooklyn Nine-Nine: Season 6: The Bimbo","7/26/20"
"Brooklyn Nine-Nine: Season 6: Casecation","7/25/20"
"Brooklyn Nine-Nine: Season 6: The Therapist","7/25/20"
"Brooklyn Nine-Nine: Season 6: Gintars","7/25/20"
"Brooklyn Nine-Nine: Season 6: The Golden Child","7/25/20"
"Brooklyn Nine-Nine: Season 6: He Said, She Said","7/25/20"
"Brooklyn Nine-Nine: Season 6: The Honeypot","7/25/20"
"Brooklyn Nine-Nine: Season 6: The Crime Scene","7/25/20"
"Brooklyn Nine-Nine: Season 6: A Tale of Two Bandits","7/25/20"
"Brooklyn Nine-Nine: Season 6: Four Movements","7/25/20"
"Brooklyn Nine-Nine: Season 6: The Tattler","7/25/20"
"Brooklyn Nine-Nine: Season 6: Hitchcock & Scully","7/25/20"
"Brooklyn Nine-Nine: Season 6: Honeymoon","7/25/20"
"Brooklyn Nine-Nine: Season 5: Jake & Amy","7/25/20"
"Brooklyn Nine-Nine: Season 4: The Bank Job","7/25/20"
"Down to Earth with Zac Efron: Season 1: France","7/24/20"
"Down to Earth with Zac Efron: Season 1: Iceland","7/24/20"
"Glee: Season 4: Makeover","7/24/20"
"Bad Teacher","7/23/20"
"How to Lose a Guy in 10 Days","7/21/20"
"The Big Lebowski","7/21/20"
"GoodFellas","7/20/20"
"Queer Eye: Season 5: DJ's on Repeat","7/17/20"
"Queer Eye: Season 5: The Anxious Activist","7/17/20"
"Forgetting Sarah Marshall","7/16/20"
"Horrible Bosses 2","7/15/20"
"We're the Millers","7/14/20"
"The Other Guys","7/14/20"
"Jeffrey Epstein: Filthy Rich: Limited Series: Finding Their Voice","7/13/20"
"Jeffrey Epstein: Filthy Rich: Limited Series: The Island","7/12/20"
"Jeffrey Epstein: Filthy Rich: Limited Series: Follow the Money","7/12/20"
"Jeffrey Epstein: Filthy Rich: Limited Series: Hunting Grounds","7/12/20"
"The F**k-It List","7/11/20"
"Unsolved Mysteries: Volume 1: Missing Witness","7/9/20"
"Unsolved Mysteries: Volume 1: Berkshires UFO","7/9/20"
"Unsolved Mysteries: Volume 1: No Ride Home","7/7/20"
"Unsolved Mysteries: Volume 1: House of Terror","7/7/20"
"Unsolved Mysteries: Volume 1: 13 Minutes","7/7/20"
"Unsolved Mysteries: Volume 1: Mystery on the Rooftop","7/7/20"
"Desperados","7/4/20"
"Rick and Morty: Season 4: Never Ricking Morty","7/4/20"
"Rick and Morty: Season 4: Edge of Tomorty: Rick Die Rickpeat","7/4/20"
"Skins: Vol. 1: Tony","7/2/20"
"Fullmetal Alchemist: Season 1: Those Who Challenge the Sun","7/2/20"
"Queer Eye: Season 5: The North Philadelphia Story","7/2/20"
"Once Upon a Time in Hollywood","7/1/20"
"Queer Eye: Season 5: Father of the Bride","7/1/20"
"Snowpiercer: Season 1: First, the Weather Changed","6/30/20"
"Space Force: Season 1: PROPORTIONATE RESPONSE","6/30/20"
"Space Force: Season 1: IT’S GOOD TO BE BACK ON THE MOON","6/30/20"
"Space Force: Season 1: CONJUGAL VISIT","6/30/20"
"Space Force: Season 1: EDISON JAYMES","6/30/20"
"Space Force: Season 1: THE SPY","6/30/20"
"Space Force: Season 1: SPACE FLAG","6/29/20"
"Space Force: Season 1: LUNAR HABITAT","6/29/20"
"Space Force: Season 1: MARK AND MALLORY GO TO WASHINGTON","6/29/20"
"Space Force: Season 1: SAVE EPSILON 6!","6/29/20"
"Space Force: Season 1: THE LAUNCH","6/29/20"
"Pose: Season 1: Access","6/29/20"
"Pose: Season 1: Pilot","6/29/20"
"Control Z: Season 1: How Well Do You Really Know Javier?","6/28/20"
"Control Z: Season 1: Face to Face","6/28/20"
"Control Z: Season 1: Night School","6/28/20"
"HERO MASK: Part l: Episode 1","6/26/20"
"The Politician: Season 2: Election Day","6/26/20"
"Antz","6/25/20"
"MINDHUNTER: Season 2: Episode 9","6/24/20"
"The Politician: Season 2: What's in the Box?","6/24/20"
"The Politician: Season 2: The Voters","6/24/20"
"The Politician: Season 2: Hail Mary","6/24/20"
"MINDHUNTER: Season 2: Episode 8","6/23/20"
"MINDHUNTER: Season 2: Episode 7","6/23/20"
"The Politician: Season 2: Cancel Culture","6/23/20"
"The Politician: Season 2: Conscious Unthroupling","6/23/20"
"The Politician: Season 2: New York State of Mind","6/22/20"
"MINDHUNTER: Season 2: Episode 5","6/19/20"
"MINDHUNTER: Season 2: Episode 4","6/19/20"
"MINDHUNTER: Season 2: Episode 3","6/19/20"
"MINDHUNTER: Season 2: Episode 2","6/19/20"
"MINDHUNTER: Season 2: Episode 1","6/19/20"
"Late Night","6/18/20"
"MINDHUNTER: Season 1: Episode 10","6/16/20"
"MINDHUNTER: Season 1: Episode 9","6/16/20"
"MINDHUNTER: Season 1: Episode 8","6/15/20"
"MINDHUNTER: Season 1: Episode 7","6/15/20"
"MINDHUNTER: Season 1: Episode 6","6/14/20"
"MINDHUNTER: Season 1: Episode 5","6/14/20"
"MINDHUNTER: Season 1: Episode 4","6/14/20"
"MINDHUNTER: Season 1: Episode 3","6/14/20"
"MINDHUNTER: Season 1: Episode 2","6/13/20"
"MINDHUNTER: Season 1: Episode 1","6/13/20"
"A Certain Scientific Railgun: Electromaster","6/13/20"
"Police Academy","6/12/20"
"Norbit","6/12/20"
"Control Z: Season 1: Idiots","6/9/20"
"Fifty Shades of Black","6/8/20"
"#blackAF: Season 1: because of slavery","6/3/20"
"The Real Housewives of New York City: Season 1: Meet the Wives","6/3/20"
"The Real Housewives of Beverly Hills: Season 1: Life, Liberty and the Pursuit of Wealthiness","6/3/20"
"History 101: Season 1: The Rise of China","6/1/20"
"STEINS;GATE: Steins;Gate: Rendezvous of Abstract Fluctuation","5/29/20"
"Tom and Jerry: The Movie","5/29/20"
"Puss in Boots","5/27/20"
"Shark Tale","5/27/20"
"Control Z: Season 1: Victims","5/26/20"
"Dumb and Dumber","5/25/20"
"White Lines: Season 1: Episode 1","5/25/20"
"Breaking Bad: Season 1: Pilot","5/25/20"
"Erased: Season 1: Grim Reaper","5/25/20"
"Erased: Season 1: Getaway","5/25/20"
"Erased: Season 1: Accomplishment","5/24/20"
"Erased: Season 1: Birthmark","5/24/20"
"Erased: Season 1: Palm of the Hand","5/24/20"
"Erased: Season 1: Flashing Before My Eyes","5/24/20"
"Ocean Waves","5/24/20"
"Control Z: Season 1: Birthday Girl","5/24/20"
"Selling Sunset: Season 2: Karma’s Gonna Get You","5/23/20"
"Selling Sunset: Season 2: That’s Why They Call It Real Estress","5/23/20"
"Selling Sunset: Season 2: The Wait Will Be Worth the Wait","5/23/20"
"Selling Sunset: Season 2: I’m No Soldier","5/23/20"
"Selling Sunset: Season 2: The Red Engagement Party","5/22/20"
"Selling Sunset: Season 2: Sorry, Not Sorry","5/22/20"
"Selling Sunset: Season 2: Billionaires Have Compounds","5/22/20"
"Crazy Rich Asians","5/21/20"
"Your lie in April: Season 1: On The Way Home","5/19/20"
"Think Like a Man","5/18/20"
"The Lord of the Rings: The Return of the King","5/18/20"
"Better Call Saul: Season 5: Something Unforgivable","5/18/20"
"Better Call Saul: Season 5: Bad Choice Road","5/18/20"
"Better Call Saul: Season 5: Bagman","5/17/20"
"Better Call Saul: Season 5: JMM","5/17/20"
"Better Call Saul: Season 5: Wexler v. Goodman","5/17/20"
"Better Call Saul: Season 5: Dedicado A Max","5/17/20"
"Better Call Saul: Season 5: Namaste","5/17/20"
"Better Call Saul: Season 5: The Guy For This","5/17/20"
"Have a Good Trip: Adventures in Psychedelics","5/17/20"
"Your lie in April: Season 1: Cloudy Skies","5/17/20"
"Your lie in April: Season 1: The Journey","5/17/20"
"Your lie in April: Season 1: Inside Spring","5/17/20"
"Better Call Saul: Season 5: 50% Off","5/16/20"
"Blue Streak","5/15/20"
"Hollywood: Season 1: A Hollywood Ending","5/15/20"
"Hollywood: Season 1: Meg","5/15/20"
"Hollywood: Season 1: Jump","5/15/20"
"Hollywood: Season 1: (Screen) Tests","5/15/20"
"Hollywood: Season 1: Outlaws","5/15/20"
"Valeria: Season 1: Signs","5/14/20"
"Community: Season 6: Emotional Consequences of Broadcast Television","5/14/20"
"Community: Season 6: Modern Espionage","5/14/20"
"Community: Season 6: Advanced Safety Feature","5/14/20"
"Community: Season 6: Basic RV Repair & Palmistry","5/14/20"
"Community: Season 6: Grifting 101","5/14/20"
"Trailer Park Boys: Season 1: Take Your Little Gun and Get Out of My Trailer Park","5/14/20"
"Valeria: Season 1: The Impostor","5/13/20"
"Your lie in April: Season 1: Friend A","5/10/20"
"Community: Season 6: Intro To Recycled Cinema","5/9/20"
"Community: Season 6: Basic Email Security","5/8/20"
"Community: Season 6: Laws Of Robotics & Party Rights","5/8/20"
"Community: Season 6: Queer Studies & Advanced Waxing","5/8/20"
"Community: Season 6: Basic Crisis Room Decorum","5/8/20"
"Community: Season 6: Lawnmower Maintenance & Postnatal Care","5/8/20"
"Community: Season 6: Ladders","5/8/20"
"Community: Season 5: Basic Sandwich","5/8/20"
"Community: Season 5: Basic Story","5/8/20"
"Community: Season 5: G.I. Jeff","5/8/20"
"Community: Season 5: Advanced Advanced Dungeons & Dragons","5/8/20"
"Community: Season 5: VCR Maintenance and Educational Publishing","5/7/20"
"Community: Season 5: App Development and Condiments","5/7/20"
"Girl, Interrupted","5/7/20"
"Trailer Park Boys: Out of the Park: USA: Season 1: Orlando 1","5/7/20"
"Too Hot to Handle: Season 1: When Harry Met Francesca","5/7/20"
"Community: Season 5: Bondage and Beta Male Sexuality","5/5/20"
"Community: Season 5: Analysis of Cork-Based Networking","5/5/20"
"Community: Season 5: Geothermal Escapism","5/5/20"
"Community: Season 5: Cooperative Polygraphy","5/5/20"
"Community: Season 5: Basic Intergluteal Numismatics","5/4/20"
"Community: Season 5: Introduction to Teaching","5/4/20"
"Community: Season 5: Repilot","5/4/20"
"Community: Season 4: Advanced Introduction to Finality","5/4/20"
"Community: Season 4: Heroic Origins","5/4/20"
"Community: Season 4: Basic Human Anatomy","5/4/20"
"Community: Season 4: Intro to Knots","5/4/20"
"Community: Season 4: Intro to Felt Surrogacy","5/4/20"
"Community: Season 4: Herstory of Dance","5/4/20"
"Community: Season 4: Economics of Marine Biology","5/4/20"
"Hollywood: Season 1: Hooray for Hollywood: Part 2","5/4/20"
"Hollywood: Season 1: Hooray for Hollywood","5/2/20"
"Community: Season 4: Advanced Documentary Filmmaking","5/1/20"
"Community: Season 4: Cooperative Escapism in Familial Relations","5/1/20"
"Community: Season 4: Alternative History of the German Invasion","5/1/20"
"Community: Season 4: Conventions of Space and Time","5/1/20"
"Community: Season 4: Paranormal Parentage","5/1/20"
"Community: Season 4: History 101","5/1/20"
"Community: Season 3: Introduction to Finality","5/1/20"
"Community: Season 3: The First Chang Dynasty","5/1/20"
"Community: Season 3: Digital Estate Planning","5/1/20"
"The Last Dance: Season 1: Episode I","4/30/20"
"Never Have I Ever: Season 1: ... said I'm sorry","4/30/20"
"Never Have I Ever: Season 1: ... had to be on my best behavior","4/30/20"
"Never Have I Ever: Season 1: ... pissed off everyone I know","4/28/20"
"Never Have I Ever: Season 1: ... been a big, fat liar","4/28/20"
"Never Have I Ever: Season 1: ... been the loneliest boy in the world","4/28/20"
"Never Have I Ever: Season 1: ... started a nuclear war","4/28/20"
"Never Have I Ever: Season 1: ... felt super Indian","4/28/20"
"Never Have I Ever: Season 1: ... gotten drunk with the popular kids","4/28/20"
"Never Have I Ever: Season 1: ... had sex with Paxton Hall-Yoshida","4/28/20"
"Never Have I Ever: Season 1: Pilot","4/28/20"
"Community: Season 3: Curriculum Unavailable","4/28/20"
"Community: Season 3: Course Listing Unavailable","4/28/20"
"Community: Season 3: Basic Lupine Urology","4/28/20"
"Community: Season 3: Virtual Systems Analysis","4/28/20"
"Community: Season 3: Origins of Vampire Mythology","4/28/20"
"Community: Season 3: Pillows and Blankets","4/27/20"
"Community: Season 3: Digital Exploration of Interior Design","4/27/20"
"Community: Season 3: Contemporary Impressionists","4/26/20"
"Rumor Has It...","4/26/20"
"Community: Season 3: Urban Matrimony and the Sandwich Arts","4/26/20"
"Community: Season 3: Regional Holiday Music","4/26/20"
"Community: Season 3: Foosball and Nocturnal Vigilantism","4/26/20"
"Community: Season 3: Documentary Filmmaking: Redux","4/26/20"
"Community: Season 3: Studies in Modern Movement","4/24/20"
"Community: Season 3: Advanced Gay","4/24/20"
"Community: Season 3: Horror Fiction in Seven Spooky Steps","4/24/20"
"Community: Season 3: Remedial Chaos Theory","4/24/20"
"Community: Season 3: Competitive Ecology","4/24/20"
"Community: Season 3: Geography of Global Conflict","4/24/20"
"Community: Season 2: For a Few Paintballs More","4/24/20"
"Community: Season 2: Intermediate Documentary Filmmaking","4/24/20"
"Community: Season 2: Early 21st Century Romanticism","4/24/20"
"Community: Season 2: Advanced Dungeons and Dragons","4/23/20"
"Community: Season 2: Celebrity Pharmacology","4/20/20"
"Community: Season 2: Asian Population Studies","4/20/20"
"Community: Season 2: Abed's Uncontrollable Christmas","4/20/20"
"Community: Season 2: Mixology Certification","4/20/20"
"Community: Season 2: Conspiracy Theories and Interior Design","4/20/20"
"Community: Season 2: Cooperative Calligraphy","4/20/20"
"Community: Season 2: Aerodynamics of Gender","4/19/20"
"Community: Season 2: Epidemiology","4/19/20"
"Community: Season 2: Messianic Myths and Ancient Peoples","4/19/20"
"Community: Season 2: Basic Rocket Science","4/19/20"
"Community: Season 2: The Psychology of Letting Go","4/19/20"
"Community: Season 2: Accounting for Lawyers","4/19/20"
"Community: Season 2: Anthropology 101","4/19/20"
"Community: Season 1: Pascal's Triangle Revisited","4/19/20"
"Community: Season 1: English as a Second Language","4/18/20"
"Community: Season 1: Modern Warfare","4/18/20"
"Community: Season 1: The Art of Discourse","4/18/20"
"Community: Season 1: Contemporary American Poultry","4/18/20"
"Community: Season 1: The Science of Illusion","4/18/20"
"Community: Season 1: Beginner Pottery","4/18/20"
"Community: Season 1: Basic Genealogy","4/18/20"
"Community: Season 1: Physical Education","4/18/20"
"Community: Season 1: Communication Studies","4/17/20"
"Community: Season 1: Romantic Expressionism","4/17/20"
"Community: Season 1: Interpretive Dance","4/17/20"
"Community: Season 1: Investigative Journalism","4/16/20"
"Community: Season 1: Comparative Religion","4/16/20"
"The Circle Brazil: Season 1: House Party","4/16/20"
"The Circle Brazil: Season 1: Welcome to The Circle","4/16/20"
"Community: Season 1: The Politics of Human Sexuality","4/16/20"
"Community: Season 1: Environmental Science","4/15/20"
"Community: Season 1: Debate 109","4/15/20"
"Community: Season 1: Home Economics","4/13/20"
"Community: Season 1: Introduction to Statistics","4/13/20"
"AJ and the Queen: Season 1: Pittsburgh","4/12/20"
"Love Wedding Repeat","4/12/20"
"Castlevania: Season 3: Investigators","4/10/20"
"Castlevania: Season 3: The Reparation of My Heart","4/10/20"
"Castlevania: Season 3: Bless Your Dead Little Hearts","4/10/20"
"Community: Season 1: Football, Feminism and You","4/9/20"
"Community: Season 1: Advanced Criminal Law","4/9/20"
"Community: Season 1: Social Psychology","4/9/20"
"Community: Season 1: Introduction to Film","4/9/20"
"Community: Season 1: Spanish 101","4/9/20"
"Shrek","4/9/20"
"Castlevania: Season 2: End Times","4/9/20"
"Castlevania: Season 2: For Love","4/9/20"
"Castlevania: Season 2: The River","4/9/20"
"Castlevania: Season 2: Last Spell","4/8/20"
"Castlevania: Season 2: Broken Mast","4/8/20"
"Castlevania: Season 2: Shadow Battles","4/8/20"
"Castlevania: Season 2: Old Homes","4/8/20"
"AJ and the Queen: Season 1: New York City","4/7/20"
"Castlevania: Season 2: War Council","4/7/20"
"Castlevania: Season 1: Monument","4/4/20"
"Abducted in Plain Sight","4/4/20"
"Better Call Saul: Season 5: Magic Man","4/4/20"
"Bad Neighbours 2","4/3/20"
"Community: Season 1: Community","4/2/20"
"Castlevania: Season 1: Labyrinth","4/2/20"
"Tiger King: Murder, Mayhem and Madness: Limited Series: Dethroned","4/1/20"
"Tiger King: Murder, Mayhem and Madness: Limited Series: The Noble Thing to Do","4/1/20"
"Tiger King: Murder, Mayhem and Madness: Limited Series: Make America Exotic Again","3/31/20"
"Tiger King: Murder, Mayhem and Madness: Limited Series: Playing with Fire","3/31/20"
"Tiger King: Murder, Mayhem and Madness: Limited Series: The Secret","3/31/20"
"Freud: Season 1: Trauma","3/31/20"
"Tiger King: Murder, Mayhem and Madness: Limited Series: Cult of Personality","3/30/20"
"Tiger King: Murder, Mayhem and Madness: Limited Series: Not Your Average Joe","3/30/20"
"Unorthodox: Limited Series: Part 1","3/29/20"
"Castlevania: Season 1: Necropolis","3/29/20"
"Freud: Season 1: Hysteria","3/29/20"
"Castlevania: Season 1: Witchbottle","3/28/20"
"Avatar: The Last Airbender: Book 3: Sozin's Comet: Part 4: Avatar Aang","3/28/20"
"Avatar: The Last Airbender: Book 3: Sozin's Comet: Part 3: Into the Inferno","3/28/20"
"Avatar: The Last Airbender: Book 3: Sozin's Comet: Part 2: The Old Masters","3/28/20"
"Avatar: The Last Airbender: Book 3: Sozin's Comet: Part 1: The Phoenix King","3/27/20"
"Avatar: The Last Airbender: Book 3: The Ember Island Players","3/27/20"
"Avatar: The Last Airbender: Book 3: The Southern Raiders","3/27/20"
"Avatar: The Last Airbender: Book 3: The Boiling Rock: Part 2","3/27/20"
"Avatar: The Last Airbender: Book 3: The Boiling Rock: Part 1","3/27/20"
"Avatar: The Last Airbender: Book 3: The Runaway","3/27/20"
"Avatar: The Last Airbender: Book 3: The Avatar and the Firelord","3/27/20"
"BEASTARS: Season 1: In the Storm's Wake","3/27/20"
"How I Met Your Mother: Season 1: Life Among the Gorillas","3/27/20"
"BEASTARS: Season 1: To the Neon District","3/25/20"
"BEASTARS: Season 1: A Wolf in Sheep's Clothing","3/25/20"
"BEASTARS: Season 1: Into the Lion's Den","3/25/20"
"BEASTARS: Season 1: Caught like Floss in a Canine's Teeth","3/25/20"
"Avatar: The Last Airbender: Book 3: The Beach","3/25/20"
"Dare Me: Season 1: Containment","3/23/20"
"Dare Me: Season 1: Scorched Earth","3/23/20"
"Dare Me: Season 1: Code Red","3/23/20"
"Avatar: The Last Airbender: Book 3: Sokka's Master","3/23/20"
"Avatar: The Last Airbender: Book 3: The Painted Lady","3/22/20"
"Dare Me: Season 1: Parallel Trenches","3/22/20"
"Dare Me: Season 1: Rapprochement","3/22/20"
"Avatar: The Last Airbender: Book 3: The Headband","3/22/20"
"Avatar: The Last Airbender: Book 3: The Awakening","3/22/20"
"Avatar: The Last Airbender: Book 2: The Crossroads of Destiny","3/22/20"
"Avatar: The Last Airbender: Book 2: The Guru","3/22/20"
"Avatar: The Last Airbender: Book 2: The Earth King","3/22/20"
"Avatar: The Last Airbender: Book 2: Lake Laogai","3/22/20"
"Avatar: The Last Airbender: Book 2: Appa's Lost Days","3/21/20"
"Avatar: The Last Airbender: Book 2: Tales of Ba Sing Se","3/21/20"
"Avatar: The Last Airbender: Book 2: City of Walls and Secrets","3/21/20"
"Dare Me: Season 1: Surrender at Discretion","3/21/20"
"Dare Me: Season 1: Mutually Assured Destruction","3/21/20"
"Dare Me: Season 1: Coup D'État","3/21/20"
"Self Made: Inspired by the Life of Madam C.J. Walker: Limited Series: The Fight of the Century","3/21/20"
"BEASTARS: Season 1: Below the Fur Coat","3/21/20"
"BEASTARS: Season 1: Blurred Vision – Dream or Reality?","3/21/20"
"BEASTARS: Season 1: Two Sides to the Story","3/20/20"
"BEASTARS: Season 1: Give it Your All","3/20/20"
"BEASTARS: Season 1: A Wolf is Born","3/20/20"
"BEASTARS: Season 1: The Academy’s Top Dogs","3/20/20"
"BEASTARS: Season 1: The Moon and the Beast","3/20/20"
"Avatar: The Last Airbender: Book 2: Journey to Ba Sing Se: Part 2: The Drill","3/20/20"
"Avatar: The Last Airbender: Book 2: Journey to Ba Sing Se: Part 1: The Serpent's Pass","3/20/20"
"Avatar: The Last Airbender: Book 2: The Desert","3/20/20"
"Avatar: The Last Airbender: Book 2: The Library","3/20/20"
"Avatar: The Last Airbender: Book 2: Bitter Work","3/20/20"
"Avatar: The Last Airbender: Book 2: The Chase","3/20/20"
"Avatar: The Last Airbender: Book 2: Zuko Alone","3/20/20"
"Avatar: The Last Airbender: Book 2: The Blind Bandit","3/20/20"
"Avatar: The Last Airbender: Book 2: Avatar Day","3/19/20"
"Avatar: The Last Airbender: Book 2: The Swamp","3/18/20"
"Avatar: The Last Airbender: Book 2: Return to Omashu","3/18/20"
"Avatar: The Last Airbender: Book 2: The Cave of Two Lovers","3/18/20"
"Avatar: The Last Airbender: Book 2: The Avatar State","3/18/20"
"Avatar: The Last Airbender: Book 1: The Siege of the North: Part 2","3/18/20"
"Avatar: The Last Airbender: Book 1: The Siege of the North: Part 1","3/18/20"
"Avatar: The Last Airbender: Book 1: The Waterbending Master","3/17/20"
"Avatar: The Last Airbender: Book 1: The Northern Air Temple","3/17/20"
"Avatar: The Last Airbender: Book 1: The Deserter","3/17/20"
"Avatar: The Last Airbender: Book 1: Bato of the Water Tribe","3/17/20"
"Avatar: The Last Airbender: Book 1: The Fortune-Teller","3/17/20"
"100 Humans: Season 1: What Makes Us Attractive?","3/17/20"
"Life of the Party","3/16/20"
"Elite: Season 3: Samuel and Guzmán","3/16/20"
"Avatar: The Last Airbender: Book 1: The Blue Spirit","3/16/20"
"Avatar: The Last Airbender: Book 1: The Storm","3/16/20"
"Avatar: The Last Airbender: Book 1: The Great Divide","3/16/20"
"Unstoppable: Season 1: What clashes with you keeps you in check","3/15/20"
"Unstoppable: Season 1: Check your privilege","3/15/20"
"Unstoppable: Season 1: I want to get the f** away","3/15/20"
"Explained: Season 2: Pirates","3/15/20"
"Explained: Season 2: The Next Pandemic","3/15/20"
"The Founder","3/15/20"
"Avatar: The Last Airbender: Book 1: Jet","3/14/20"
"Avatar: The Last Airbender: Book 1: The Waterbending Scroll","3/14/20"
"Avatar: The Last Airbender: Book 1: Winter Solstice: Part 2: Avatar Roku","3/14/20"
"Avatar: The Last Airbender: Book 1: Winter Solstice: Part 1: The Spirit World","3/14/20"
"Avatar: The Last Airbender: Book 1: Imprisoned","3/14/20"
"Avatar: The Last Airbender: Book 1: The King of Omashu","3/13/20"
"Avatar: The Last Airbender: Book 1: The Warriors of Kyoshi","3/13/20"
"Avatar: The Last Airbender: Book 1: The Southern Air Temple","3/13/20"
"Avatar: The Last Airbender: Book 1: The Avatar Returns","3/13/20"
"Avatar: The Last Airbender: Book 1: The Boy in the Iceberg","3/13/20"
"Elite: Season 3: Carla","3/13/20"
"Magi: Adventure of Sinbad: Season 1: Qualities of a King","3/12/20"
"Magi: Adventure of Sinbad: Season 1: The First Sea","3/12/20"
"Magi: Adventure of Sinbad: Season 1: The Dungeon Baal","3/12/20"
"Marriage Story","3/12/20"
"JoJo's Bizarre Adventure: Phantom Blood/Battle Tendency: The Dark Knights","3/10/20"
"JoJo's Bizarre Adventure: Phantom Blood/Battle Tendency: Overdrive","3/10/20"
"JoJo's Bizarre Adventure: Phantom Blood/Battle Tendency: Youth with Dio","3/10/20"
"JoJo's Bizarre Adventure: Phantom Blood/Battle Tendency: A Letter From the Past","3/7/20"
"JoJo's Bizarre Adventure: Phantom Blood/Battle Tendency: Dio The Invader","3/7/20"
"Altered Carbon: Season 2: Broken Angels","3/6/20"
"Altered Carbon: Season 2: Experiment Perilous","3/6/20"
"Next in Fashion: Season 1: Underwear","3/5/20"
"Altered Carbon: Season 2: Bury Me Dead","3/3/20"
"Altered Carbon: Season 2: I Wake Up Screaming","3/3/20"
"Altered Carbon: Season 2: Shadow of a Doubt","3/3/20"
"The Circle: Season 1: The Player I'm Saving Is ...","3/1/20"
"The Circle: Season 1: Picking Teams","3/1/20"
"The Circle: Season 1: Anonymous Trolling","2/29/20"
"The Circle: Season 1: Sliding into DMs","2/29/20"
"The Circle: Season 1: Planting Doubt","2/29/20"
"Altered Carbon: Season 2: Nightmare Alley","2/29/20"
"Altered Carbon: Season 2: Payment Deferred","2/29/20"
"Altered Carbon: Season 2: Phantom Lady","2/28/20"
"Altered Carbon: Season 1: Out of the Past","2/28/20"
"The Circle: Season 1: There's a Catfish Among Us","2/27/20"
"The Circle: Season 1: Face-to-Face","2/27/20"
"The Circle: Season 1: Hello, Circle","2/27/20"
"7SEEDS: Part 1: Spring Begins","2/27/20"
"After","2/23/20"
"American Vandal: Season 2: #2","2/23/20"
"American Vandal: Season 2: The Brownout","2/23/20"
"American Vandal: Season 1: Nailed","2/23/20"
"American Vandal: Season 1: A Limp Alibi","2/23/20"
"Love Is Blind: Season 1: Couples Retreat","2/23/20"
"American Vandal: Season 1: Hard Facts: Vandalism and Vulgarity","2/23/20"
"Love Is Blind: Season 1: First Night Together","2/23/20"
"Love Is Blind: Season 1: Will You Marry Me?","2/23/20"
"Next in Fashion: Season 1: Streetwear","2/23/20"
"Yes Man","2/23/20"
"Love Is Blind: Season 1: Is Love Blind?","2/22/20"
"Next in Fashion: Season 1: The Suit","2/22/20"
"Next in Fashion: Season 1: Prints & Patterns","2/22/20"
"The Missing: Season 1: Eden","2/22/20"
"I Lost My Body","2/21/20"
"Call Me by Your Name","2/19/20"
"My Neighbor Totoro","2/18/20"
"Sex Education: Season 2: Episode 8","2/15/20"
"Sex Education: Season 2: Episode 7","2/15/20"
"Sex Education: Season 2: Episode 6","2/15/20"
"Sex Education: Season 2: Episode 5","2/15/20"
"To All the Boys: P.S. I Still Love You","2/15/20"
"Next in Fashion: Season 1: Red Carpet","2/12/20"
"Sex Education: Season 2: Episode 4","2/11/20"
"Uncut Gems","2/9/20"
"Sex Education: Season 2: Episode 3","2/8/20"
"Sex Education: Season 2: Episode 2","2/8/20"
"Sex Education: Season 2: Episode 1","2/2/20"
"Sex Education: Season 1: Episode 8","2/2/20"
"BoJack Horseman: Season 6: Nice While It Lasted","2/2/20"
"BoJack Horseman: Season 6: The View from Halfway Down","2/2/20"
"BoJack Horseman: Season 1: Downer Ending","2/2/20"
"BoJack Horseman: Season 6: Angela","2/2/20"
"BoJack Horseman: Season 6: The Horny Unicorn","2/2/20"
"BoJack Horseman: Season 6: Xerox of a Xerox","2/2/20"
"BoJack Horseman: Season 6: Sunk Cost and All That","2/2/20"
"BoJack Horseman: Season 6: Good Damage","2/2/20"
"BoJack Horseman: Season 6: Intermediate Scene Study w/ BoJack Horseman","2/2/20"
"Daybreak: Season 1: Schmuck Bait!","1/27/20"
"Daybreak: Season 1: Josh vs. the Apocalypse: Part 1","1/27/20"
"Sex, Explained: Limited Series: Sexual Fantasies","1/26/20"
"Ares: Season 1: Episode 2","1/25/20"
"Ares: Season 1: Episode 1","1/25/20"
"Sex Education: Season 1: Episode 7","1/25/20"
"Silver Linings Playbook","1/21/20"
"Black Lagoon: BLACK LAGOON: The Black Lagoon","1/21/20"
"The Disastrous Life of Saiki K.: Season 1: Episode 3","1/20/20"
"Killer Inside: The Mind of Aaron Hernandez: Limited Series: Episode 3","1/19/20"
"Killer Inside: The Mind of Aaron Hernandez: Limited Series: Episode 2","1/18/20"
"Sex Education: Season 1: Episode 6","1/18/20"
"Sex Education: Season 1: Episode 5","1/18/20"
"Sex Education: Season 1: Episode 4","1/18/20"
"Sex Education: Season 1: Episode 3","1/17/20"
"Sex Education: Season 1: Episode 2","1/17/20"
"Sex Education: Season 1: Episode 1","1/17/20"
"Killer Inside: The Mind of Aaron Hernandez: Limited Series: Episode 1","1/16/20"
"The Disastrous Life of Saiki K.: Season 1: Episode 2","1/12/20"
"The Disastrous Life of Saiki K.: Season 1: Episode 1","1/12/20"
"Twice Upon A Time: Season 1: Don't Leave Me","1/12/20"
"Messiah: Season 1: The Wages of Sin","1/12/20"
"Messiah: Season 1: God Is Greater","1/12/20"
"Messiah: Season 1: Force Majeure","1/12/20"
"Messiah: Season 1: It Came to Pass as It Was Spoken","1/12/20"
"Messiah: Season 1: We Will Not All Sleep","1/12/20"
"Two Weeks Notice","1/11/20"
"Soundtrack: Season 1: Track 1: Nellie and Sam","1/11/20"
"Messiah: Season 1: So That Seeing They May Not See","1/10/20"
"Messiah: Season 1: Trial","1/10/20"
"Messiah: Season 1: The Finger of God","1/9/20"
"Messiah: Season 1: Tremor","1/9/20"
"Messiah: Season 1: He That Hath an Ear","1/9/20"
"While We're Young","1/9/20"
"K: The Complete Series: Killer","1/7/20"
"K: The Complete Series: Kaleidoscope","1/6/20"
"K: The Complete Series: Knell","1/6/20"
"Magi: Adventure of Sinbad: Season 1: Sinbad the Sailor","1/6/20"
"Toradora!: Season 1: When You Go to the Sea","1/5/20"
"Toradora!: Season 1: Who Is This For?","1/5/20"
"Toradora!: Season 1: Pool's Open","1/5/20"
"Toradora!: Season 1: True Self","1/5/20"
"K: The Complete Series: Kindling","1/5/20"
"K: The Complete Series: Key","1/5/20"
"Bodyguard: Season 1: Episode 6","1/4/20"
"Spinning Out: Season 1: Kiss and Cry","1/4/20"
"Bodyguard: Season 1: Episode 5","1/3/20"
"Spinning Out: Season 1: #1 Mom","1/3/20"
"Spinning Out: Season 1: Hell Is Real","1/3/20"
"Magi: Adventure of Sinbad: Season 1: Child of Destiny","1/3/20"
"Spinning Out: Season 1: Healing Times May Vary","1/3/20"
"Spinning Out: Season 1: Two for $40","1/3/20"
"Spinning Out: Season 1: Have a Nice Day!","1/3/20"
"Bodyguard: Season 1: Episode 4","1/2/20"
"Spinning Out: Season 1: Keep Pinecrest Wild","1/2/20"
"Spinning Out: Season 1: Proceed with Caution","1/2/20"
"Spinning Out: Season 1: Welcome to the Family","1/2/20"
"Spinning Out: Season 1: Now Entering Sun Valley","1/2/20"
"Explained: Season 1: The Female Orgasm","1/2/20"
"Explained: Season 1: Political Correctness","1/2/20"
"K: The Complete Series: Karma","1/2/20"
"K: The Complete Series: Knife","1/2/20"
"K: The Complete Series: Knock-On Effect","1/2/20"
"K: The Complete Series: Kitchen","1/2/20"
"You: Season 2: Love, Actually","1/2/20"
"You: Season 2: P.I. Joe","1/2/20"
"You: Season 2: Fear and Loathing in Beverly Hills","1/1/20"
"You: Season 2: Ex-istential Crisis","1/1/20"
"You: Season 2: Farewell, My Bunny","1/1/20"
"You: Season 2: Have a Good Wellkend, Joe!","1/1/20"
"You: Season 2: The Good, the Bad, & the Hendy","1/1/20"
"You: Season 2: What Are Friends For?","12/31/19"
"You: Season 2: Just the Tip","12/31/19"
"Glow Up: Season 1: West End Theatre","12/29/19"
"You: Season 2: A Fresh Start","12/29/19"
"Glow Up: Season 1: Red Carpet","12/28/19"
"Glow Up: Season 1: Social Media","12/28/19"
"Glow Up: Season 1: Movie Prosthetics","12/28/19"
"Destination Wedding","12/21/19"
"A Bad Moms Christmas","12/21/19"
"Merry Happy Whatever: Season 1: Welcome, Matt","12/19/19"
"Don't F**k with Cats: Hunting an Internet Killer: Limited Series: Closing the Net","12/19/19"
"Don't F**k with Cats: Hunting an Internet Killer: Limited Series: Killing for Clicks","12/19/19"
"Don't F**k with Cats: Hunting an Internet Killer: Limited Series: Cat and Mouse","12/19/19"
"The Irishman","12/19/19"
"Bodyguard: Season 1: Episode 3","12/18/19"
"Bodyguard: Season 1: Episode 2","12/14/19"
"Bodyguard: Season 1: Episode 1","12/14/19"
"Astronomy Club: The Sketch Show: Season 1: Lamp Room","12/11/19"
"Home for Christmas: Season 1: The Big Christmas Lie","12/9/19"
"Virgin River: Season 1: Carry On","12/7/19"
"The Post","12/7/19"
"The Seven Deadly Sins: The Angel of Destruction","12/7/19"
"The Seven Deadly Sins: Bloodcurdling Canon","12/7/19"
"The Seven Deadly Sins: Pent-up Feelings","12/6/19"
"The Seven Deadly Sins: The Vaizel Fighting Festival","12/6/19"
"The Seven Deadly Sins: Dark Pulse","12/4/19"
"The Seven Deadly Sins: The Fearsome Pursuer","12/4/19"
"The Seven Deadly Sins: A Touching Reunion","12/4/19"
"The Seven Deadly Sins: The Poem of Beginnings","12/4/19"
"The Seven Deadly Sins: Even if You Should Die","12/4/19"
"The Seven Deadly Sins: A Little Girl's Dream","12/4/19"
"The Seven Deadly Sins: The Sin in the Sleeping Forest","12/4/19"
"The Seven Deadly Sins: The Sword of the Holy Knight","12/4/19"
"The Seven Deadly Sins: The Seven Deadly Sins","12/3/19"
"South Park: Season 1: Pink Eye","12/2/19"
"South Park: Season 1: Death","12/2/19"
"Broken: Season 1: Makeup Mayhem","12/2/19"
"South Park: Season 1: An Elephant Makes Love to a Pig","12/2/19"
"The Crown: Season 3: Cri de Coeur","11/24/19"
"The Crown: Season 3: Imbroglio","11/24/19"
"Klaus","11/24/19"
"The Crown: Season 3: Dangling Man","11/24/19"
"The Crown: Season 3: Moondust","11/23/19"
"The Crown: Season 3: Tywysog Cymru","11/23/19"
"The Crown: Season 3: Coup","11/23/19"
"The Crown: Season 3: Aberfan","11/23/19"
"Sword Art Online: The Legrue Corridor","11/23/19"
"Sword Art Online: To the World Tree","11/23/19"
"Sword Art Online: Captive Queen","11/23/19"
"The Crown: Season 3: Bubbikins","11/23/19"
"The Crown: Season 3: Margaretology","11/21/19"
"The Crown: Season 3: Olding","11/21/19"
"The Crown: Season 1: Hyde Park Corner","11/20/19"
"Sword Art Online: Land of the Fairies","11/18/19"
"Sword Art Online: Return","11/17/19"
"Sword Art Online: The End of the World","11/17/19"
"Sword Art Online: Edge of Hell's Abyss","11/17/19"
"Spider-Man: Into the Spider-Verse","11/17/19"
"Kakegurui: Episode 1","11/16/19"
"Sword Art Online: Yui's Heart","11/16/19"
"Sword Art Online: The Girl of Morning Dew","11/16/19"
"Sword Art Online: Crimson Killing Intent","11/16/19"
"Love Actually","11/15/19"
"Money Heist: Part 2: Episode 4","11/13/19"
"The Invitation","11/12/19"
"The Open House","11/12/19"
"Insidious: The Last Key","11/12/19"
"The Mind, Explained: Limited Series: Dreams","11/12/19"
"Interior Design Masters: Season 1: Episode 8","11/10/19"
"Interior Design Masters: Season 1: Episode 7","11/10/19"
"The Great Hack","11/10/19"
"Sword Art Online: The Blue-Eyed Demon","11/10/19"
"Sword Art Online: The Sword Dance of Black and White","11/10/19"
"Sword Art Online: The Temperature of the Heart","11/10/19"
"Sword Art Online: Illusionary Avenger","11/10/19"
"Interior Design Masters: Season 1: Episode 6","11/9/19"
"Sword Art Online: Murder in the Safe Zone","11/9/19"
"Sword Art Online: The Black Swordsman","11/9/19"
"Interior Design Masters: Season 1: Episode 5","11/9/19"
"Let It Snow","11/8/19"
"Atypical: Season 3: Searching for Brown Sugar Man","11/7/19"
"Atypical: Season 3: Sam Takes a Walk","11/7/19"
"Atypical: Season 3: Road Rage Paige","11/7/19"
"Sword Art Online: The Red-Nosed Reindeer","11/6/19"
"Sword Art Online: Beater","11/6/19"
"Sword Art Online: The World of Swords","11/6/19"
"Atypical: Season 3: Shrinkage","11/3/19"
"Atypical: Season 3: The Essence of a Penguin","11/3/19"
"Atypical: Season 3: Only Tweed","11/2/19"
"Atypical: Season 3: Y.G.A.G.G.","11/2/19"
"Atypical: Season 3: Cocaine Pills and Pony Meat","11/2/19"
"Atypical: Season 3: Standing Sam","11/2/19"
"Atypical: Season 3: Best Laid Plans","11/2/19"
"BoJack Horseman: Season 6: A Quick One, While He's Away","10/29/19"
"BoJack Horseman: Season 6: The Face of Depression","10/29/19"
"BoJack Horseman: Season 6: The Kidney Stays in the Picture","10/29/19"
"BoJack Horseman: Season 6: A Little Uneven, Is All","10/28/19"
"BoJack Horseman: Season 6: Surprise!","10/28/19"
"BoJack Horseman: Season 6: Feel-Good Story","10/28/19"
"Interior Design Masters: Season 1: Episode 4","10/26/19"
"Interior Design Masters: Season 1: Episode 3","10/26/19"
"BoJack Horseman: Season 6: The New Client","10/26/19"
"BoJack Horseman: Season 6: A Horse Walks into a Rehab","10/26/19"
"Speech & Debate","10/24/19"
"Interior Design Masters: Season 1: Episode 2","10/20/19"
"Interior Design Masters: Season 1: Episode 1","10/20/19"
"Rick and Morty: Season 1: Pilot","10/20/19"
"Living with Yourself: Season 1: Nice Knowing You","10/20/19"
"Baby: Season 2: The Offer","10/20/19"
"Baby: Season 2: #justagame","10/20/19"
"Living with Yourself: Season 1: Piña Colada","10/19/19"
"Living with Yourself: Season 1: Neighbors and Friends","10/19/19"
"Living with Yourself: Season 1: Va Bene","10/19/19"
"Living with Yourself: Season 1: Soul Mate","10/19/19"
"The Laundromat","10/19/19"
"Living with Yourself: Season 1: Green Tea","10/19/19"
"Living with Yourself: Season 1: Made in a Strip Mall","10/19/19"
"Living with Yourself: Season 1: The Best You Can Be","10/19/19"
"Peaky Blinders: Season 5: Mr Jones","10/19/19"
"El Camino: A Breaking Bad Movie","10/18/19"
"Big Mouth: Season 3: Super Mouth","10/17/19"
"Big Mouth: Season 3: Disclosure the Movie: The Musical!","10/16/19"
"Big Mouth: Season 3: The ASSes","10/16/19"
"Big Mouth: Season 3: Rankings","10/16/19"
"Big Mouth: Season 3: Duke","10/16/19"
"Big Mouth: Season 3: Girls Are Angry Too","10/16/19"
"Big Mouth: Season 3: How To Have An Orgasm","10/16/19"
"Big Mouth: Season 3: Florida","10/16/19"
"Big Mouth: Season 3: Obsessed","10/16/19"
"Big Mouth: Season 3: Cellsea","10/13/19"
"Insatiable: Season 2: Eat and Run","10/13/19"
"Insatiable: Season 2: Finding Magnolia","10/13/19"
"Insatiable: Season 2: Poison Patty","10/12/19"
"Insatiable: Season 2: Boomerang","10/12/19"
"Insatiable: Season 2: Dead Girl","10/12/19"
"Insatiable: Season 2: Pig","10/12/19"
"Peaky Blinders: Season 5: The Shock","10/12/19"
"Queer Eye: Season 4: Without Further Ado","10/10/19"
"Peaky Blinders: Season 5: The Loop","10/8/19"
"Peaky Blinders: Season 5: Strategy","10/8/19"
"Peaky Blinders: Season 5: Black Cats","10/8/19"
"Peaky Blinders: Season 5: Black Tuesday","10/6/19"
"Ready to Mingle","10/5/19"
"Peaky Blinders: Season 4: The Noose","10/5/19"
"The Politician: Season 1: Vienna","10/5/19"
"The Politician: Season 1: The Assassination of Payton Hobart: Part 2","10/5/19"
"The Politician: Season 1: The Assassination of Payton Hobart","10/5/19"
"The Politician: Season 1: The Voter","10/5/19"
"The Politician: Season 1: Gone Girl","10/5/19"
"The Politician: Season 1: October Surprise","10/5/19"
"The Politician: Season 1: The Harrington Commode","10/3/19"
"The Politician: Season 1: Pilot","9/29/19"
"Bridget Jones's Diary","9/28/19"
"13 Reasons Why: Season 3: Yeah. I'm the New Girl","9/16/19"
"Dead to Me: Season 1: It's All My Fault","9/16/19"
"The Spy: Limited Series: The Immigrant","9/15/19"
"Unbelievable: Limited Series: Episode 8","9/15/19"
"Unbelievable: Limited Series: Episode 7","9/15/19"
"Unbelievable: Limited Series: Episode 6","9/15/19"
"Unbelievable: Limited Series: Episode 5","9/15/19"
"Elite: Season 2: 0 hours missing","9/15/19"
"Unbelievable: Limited Series: Episode 4","9/14/19"
"Unbelievable: Limited Series: Episode 3","9/14/19"
"Unbelievable: Limited Series: Episode 2","9/14/19"
"Unbelievable: Limited Series: Episode 1","9/14/19"
"Manhunt: Unabomber: USA vs. Theodore J. Kaczynski","9/13/19"
"Manhunt: Unabomber: Lincoln","9/13/19"
"Manhunt: Unabomber: Ted","9/13/19"
"Manhunt: Unabomber: Abri","9/13/19"
"Manhunt: Unabomber: Publish or Perish","9/13/19"
"Manhunt: Unabomber: Fruit of the Poisonous Tree","9/13/19"
"Elite: Season 2: 84 hours missing","9/11/19"
"Elite: Season 2: 66 hours missing","9/10/19"
"Manhunt: Unabomber: Pure Wudder","9/8/19"
"Elite: Season 2: 63 hours missing","9/8/19"
"Styling Hollywood: Season 1: Black Girl Magic","9/8/19"
"Elite: Season 2: 59 hours missing","9/8/19"
"Workin' Moms: Season 2: Retreat","9/7/19"
"The Family: Limited Series: Submersion","9/7/19"
"Elite: Season 2: 36 hours missing","9/7/19"
"Elite: Season 2: 34 hours missing","9/7/19"
"Manhunt: Unabomber: UNABOM","9/6/19"
"Elite: Season 2: 20 hours missing","9/6/19"
"Diagnosis: Season 1: Detective Work","8/30/19"
"MINDHUNTER: Season 2: Episode 6","8/29/19"
"Workin' Moms: Season 2: Shame Spiral","8/29/19"
"13 Reasons Why: Season 1: Tape 1, Side A","8/26/19"
"The 40-Year-Old Virgin","8/24/19"
"Workin' Moms: Season 2: Consent","8/23/19"
"Workin' Moms: Season 2: The Holy Hole","8/20/19"
"100% Hotter: Collection 1: Season 2, Episode 8","8/19/19"
"Glee: Season 4: Britney 2.0","8/17/19"
"Dear White People: Volume 3: Chapter X","8/16/19"
"Dear White People: Volume 3: Chapter IX","8/16/19"
"Dear White People: Volume 3: Chapter VIII","8/16/19"
"Dear White People: Volume 3: Chapter VII","8/16/19"
"Dear White People: Volume 3: Chapter VI","8/16/19"
"Dear White People: Volume 3: Chapter V","8/13/19"
"Dear White People: Volume 3: Chapter IV","8/13/19"
"Dear White People: Volume 3: Chapter III","8/13/19"
"Otherhood","8/12/19"
"Glee: Season 4: The New Rachel","8/11/19"
"Glee: Season 3: Goodbye","8/9/19"
"Glee: Season 3: Nationals","8/3/19"
"Glee: Season 3: Props","8/3/19"
"The Affair: Season 1: Episode 1","8/3/19"
"Queer Eye: Season 4: How Wanda Got Her Groove Back","8/3/19"
"Dear White People: Volume 3: Chapter II","8/2/19"
"Dear White People: Volume 3: Chapter I","8/2/19"
"Dear White People: Volume 2: Chapter I","8/2/19"
"Glee: Season 3: Prom-A-Saurus","8/2/19"
"Glee: Season 3: Choke","8/2/19"
"Glee: Season 3: Dance With Somebody","7/30/19"
"Glee: Season 3: Saturday Night Glee-ver","7/30/19"
"Workin' Moms: Season 2: The Sign","7/28/19"
"Glee: Season 3: Big Brother","7/28/19"
"Glee: Season 3: On My Way","7/28/19"
"I Am Mother","7/28/19"
"Glee: Season 3: Heart","7/27/19"
"Glee: Season 3: The Spanish Teacher","7/27/19"
"Glee: Season 3: Extraordinary Merry Christmas","7/27/19"
"Glee: Season 3: Michael","7/27/19"
"Glee: Season 3: Yes/No","7/27/19"
"Glee: Season 3: Hold On to Sixteen","7/26/19"
"Glee: Season 3: I Kissed a Girl","7/26/19"
"Workin' Moms: Season 2: Good Mom","7/25/19"
"Workin' Moms: Season 2: 2005","7/25/19"
"The People vs. O.J. Simpson: Season 1: The Dream Team","7/25/19"
"The People vs. O.J. Simpson: Season 1: The Run of His Life","7/25/19"
"Glee: Season 3: Mash Off","7/25/19"
"Glee: Season 3: The First Time","7/25/19"
"Glee: Season 3: Pot o' Gold","7/25/19"
"The People vs. O.J. Simpson: Season 1: From the Ashes of Tragedy","7/24/19"
"Glee: Season 3: Asian F","7/24/19"
"Glee: Season 3: I Am Unicorn","7/24/19"
"Neon Genesis Evangelion: Season 1: The Silent Phone","7/24/19"
"Glee: Season 3: The Purple Piano Project","7/23/19"
"Glee: Season 2: New York","7/23/19"
"Glee: Season 2: Funeral","7/23/19"
"Glee: Season 2: Prom Queen","7/23/19"
"Glee: Season 2: Rumours","7/23/19"
"Glee: Season 2: Born This Way","7/21/19"
"Glee: Season 2: Comeback","7/21/19"
"Glee: Season 2: A Night Of Neglect","7/21/19"
"Glee: Season 2: Original Song","7/21/19"
"Glee: Season 2: Sexy","7/21/19"
"Glee: Season 2: Blame It On The Alcohol","7/21/19"
"Rules Don't Apply","7/20/19"
"RuPaul’s Drag Race: All Stars: Season 4: All Star-Spangled Variety Show","7/20/19"
"RuPaul's Drag Race: Season 1: Drag on a Dime","7/20/19"
"Glee: Season 2: Silly Love Songs","7/20/19"
"Glee: Season 2: The Sue Sylvester Shuffle","7/20/19"
"Glee: Season 2: Special Education","7/20/19"
"Glee: Season 2: A Very Glee Christmas","7/20/19"
"Glee: Season 2: Furt","7/20/19"
"Glee: Season 2: The Substitute","7/20/19"
"Outlander: Season 1: Sassenach","7/19/19"
"Dark: Season 2: Ghosts","7/19/19"
"Dark: Season 2: Dark Matter","7/19/19"
"Glee: Season 2: Never Been Kissed","7/18/19"
"Glee: Season 2: The Rocky Horror Glee Show","7/18/19"
"Glee: Season 2: Duets","7/17/19"
"Glee: Season 2: Grilled Cheesus","7/17/19"
"Glee: Season 2: Britney/Brittany","7/16/19"
"Glee: Season 2: Audition","7/16/19"
"Glee: Season 1: Journey to Regionals","7/15/19"
"Glee: Season 1: Funk","7/15/19"
"Glee: Season 1: Theatricality","7/15/19"
"Glee: Season 1: Dream On","7/15/19"
"DEATH NOTE: Season 1: Love","7/14/19"
"DEATH NOTE: Season 1: Assault","7/14/19"
"DEATH NOTE: Season 1: Doubt","7/14/19"
"Swiped","7/14/19"
"Glee: Season 1: Laryngitis","7/14/19"
"Glee: Season 1: Bad Reputation","7/14/19"
"Glee: Season 1: Home","7/14/19"
"Glee: Season 1: The Power of Madonna","7/13/19"
"Glee: Season 1: Hell-O","7/13/19"
"Glee: Season 1: Sectionals","7/13/19"
"Glee: Season 1: Mattress","7/13/19"
"DEATH NOTE: Season 1: Encounter","7/13/19"
"DEATH NOTE: Season 1: Glare","7/13/19"
"DEATH NOTE: Season 1: Overcast","7/13/19"
"DEATH NOTE: Season 1: Unraveling","7/12/19"
"DEATH NOTE: Season 1: Tactics","7/12/19"
"DEATH NOTE: Season 1: Pursuit","7/12/19"
"Burlesque","7/12/19"
"DEATH NOTE: Season 1: Dealings","7/11/19"
"DEATH NOTE: Season 1: Confrontation","7/11/19"
"Stranger Things: Stranger Things 3: Chapter Eight: The Battle of Starcourt","7/10/19"
"Stranger Things: Stranger Things 3: Chapter Seven: The Bite","7/10/19"
"Stranger Things: Stranger Things 3: Chapter Six: E Pluribus Unum","7/9/19"
"Stranger Things: Stranger Things 3: Chapter Five: The Flayed","7/9/19"
"Stranger Things: Chapter One: The Vanishing Of Will Byers","7/9/19"
"Glee: Season 1: Hairography","7/7/19"
"Glee: Season 1: Ballad","7/7/19"
"Glee: Season 1: Wheels","7/7/19"
"Glee: Season 1: Mash-Up","7/7/19"
"Glee: Season 1: Throwdown","7/7/19"
"Glee: Season 1: Vitamin D","7/7/19"
"Glee: Season 1: The Rhodes Not Taken","7/6/19"
"Glee: Season 1: Preggers","7/6/19"
"Glee: Season 1: Acafellas","7/6/19"
"Glee: Season 1: Showmance","7/6/19"
"Glee: Season 1: Pilot","7/6/19"
"Always Be My Maybe","7/5/19"
"STEINS;GATE: Steins;Gate: Paranoia of Parallel Process","6/25/19"
"Dark: Season 1: Secrets","6/25/19"
"The Assassination of Gianni Versace: Season 1: Ascent","6/24/19"
"Dark: Season 2: Beginnings and Endings","6/24/19"
"Black Mirror: Season 5: Rachel, Jack and Ashley Too","6/23/19"
"Mr. Iglesias: Part 1: Some Children Left Behind","6/22/19"
"The Terminal","6/20/19"
"Code Geass: Lelouch of the Rebellion: Season 1: Episode 3","6/20/19"
"Trinkets: Season 1: The Great Escape","6/20/19"
"Trinkets: Season 1: Night Market","6/20/19"
"Trinkets: Season 1: Monday I'm in Love","6/19/19"
"Trinkets: Season 1: Big Mistake","6/19/19"
"Trinkets: Season 1: Truth Serum","6/19/19"
"Trinkets: Season 1: Rearview Mirror","6/19/19"
"Trinkets: Season 1: Happy F**king Birthday","6/18/19"
"Trinkets: Season 1: P*ssy Palace","6/17/19"
"Trinkets: Season 1: Paper Tiger","6/17/19"
"Trinkets: Season 1: Mirror Faces","6/17/19"
"When They See Us: Limited Series: Part Four","6/16/19"
"The Pianist","6/15/19"
"The Hateful Eight","6/15/19"
"Black Mirror: Season 3: Shut Up and Dance","6/15/19"
"When They See Us: Limited Series: Part Three","6/15/19"
"When They See Us: Limited Series: Part Two","6/15/19"
"Tales of the City: Limited Series: Coming Home","6/13/19"
"Black Mirror: Season 5: Smithereens","6/12/19"
"Black Mirror: Season 5: Striking Vipers","6/5/19"
"My Big Fat Greek Wedding 2","6/2/19"
"Russian Doll: Season 1: Nothing in This World Is Easy","6/2/19"
"Russian Doll: Season 1: The Great Escape","6/2/19"
"She's Gotta Have It: Season 1: #DaJumpoff (DOCTRINE)","6/2/19"
"Your lie in April: Season 1: Monotone/Colorful","6/2/19"
"When They See Us: Limited Series: Part One","6/1/19"
"Footloose","6/1/19"
"WHAT / IF: Part I: What Remains","6/1/19"
"WHAT / IF: Part I: WTF","6/1/19"
"WHAT / IF: Part I: What Secrets","6/1/19"
"WHAT / IF: Part I: What Ghosts","6/1/19"
"WHAT / IF: Part I: What History","6/1/19"
"WHAT / IF: Part I: What Now","6/1/19"
"WHAT / IF: Part I: What Next","5/28/19"
"Peaky Blinders: Season 3: Episode 6","5/28/19"
"WHAT / IF: Part I: What Drama","5/27/19"
"WHAT / IF: Part I: What Happened","5/26/19"
"WHAT / IF: Part I: Pilot","5/26/19"
"The Society: Season 1: How it Happens","5/26/19"
"The Society: Season 1: New Names","5/26/19"
"The Society: Season 1: Like a F-ing God or Something","5/26/19"
"The Society: Season 1: Poison","5/26/19"
"The Society: Season 1: Allie's Rules","5/26/19"
"The Society: Season 1: Putting on the Clothes","5/25/19"
"The Society: Season 1: Childhood's End","5/25/19"
"The Society: Season 1: Drop by Drop","5/25/19"
"The Society: Season 1: Our Town","5/25/19"
"Peaky Blinders: Season 3: Episode 5","5/25/19"
"Peaky Blinders: Season 3: Episode 4","5/24/19"
"Peaky Blinders: Season 3: Episode 3","5/24/19"
"The Society: Season 1: What Happened","5/24/19"
"White Gold: Season 1: Sexy Rollercoaster","5/24/19"
"White Gold: Season 1: Salesmen Are Like Vampires","5/24/19"
"Peaky Blinders: Season 2: Episode 4","5/21/19"
"Peaky Blinders: Season 1: Episode 6","5/21/19"
"Tuca & Bertie: Season 1: The Sugar Bowl","5/21/19"
"Easy: Season 2: Lady Cha Cha","5/19/19"
"Easy: Season 2: Side Hustle","5/19/19"
"Jumping the Broom","5/19/19"
"Friends from College: Season 1: Welcome to New York","5/18/19"
"Code Geass: Lelouch of the Rebellion: Season 1: Episode 2","5/18/19"
"Luther: Series 1: Episode 1","5/18/19"
"Queen of the South: Season 1: Piloto","5/18/19"
"Good Sam","5/16/19"
"Peaky Blinders: Season 1: Episode 5","5/15/19"
"The IT Crowd: Series 1: The Red Door","5/15/19"
"Wine Country","5/14/19"
"Special: Season 1: Chapter Four: Housechilling Party","5/14/19"
"Peaky Blinders: Season 1: Episode 4","5/12/19"
"Peaky Blinders: Season 1: Episode 3","5/12/19"
"Peaky Blinders: Season 1: Episode 2","5/12/19"
"Peaky Blinders: Season 1: Episode 1","5/12/19"
"Dead to Me: Season 1: Maybe I'm Crazy","5/11/19"
"Dead to Me: Season 1: Pilot","5/11/19"
"Special: Season 1: Chapter Three: Free Scones","5/9/19"
"Special: Season 1: Chapter Two: The Deep End","5/9/19"
"Special: Season 1: Chapter One: Cerebral LOLzy","5/9/19"
"Julie & Julia","5/9/19"
"Evan Almighty","5/7/19"
"Extremely Wicked, Shockingly Evil and Vile","5/6/19"
"Traitors: Season 1: Feef","5/5/19"
"Zodiac","5/5/19"
"Knock Down The House","5/5/19"
"The Edge of Seventeen","5/5/19"
"Cuckoo: Season 2: A New Beginning","5/5/19"
"Cuckoo: Season 1: The Wedding","5/5/19"
"Dumplin'","5/4/19"
"Cuckoo: Season 1: Connie Sings","5/4/19"
"Cuckoo: Season 1: Grandfather's Cat","5/4/19"
"Cuckoo: Season 1: Ken on E","5/2/19"
"That '70s Show: Season 1: Pilot","5/2/19"
"Dynasty: Season 2: Queen of Cups","5/1/19"
"Cuckoo: Season 1: Family Meeting","5/1/19"
"Derry Girls: Season 1: Episode 6","4/30/19"
"Derry Girls: Season 1: Episode 5","4/30/19"
"Derry Girls: Season 1: Episode 4","4/29/19"
"Derry Girls: Season 1: Episode 3","4/29/19"
"Derry Girls: Season 1: Episode 2","4/29/19"
"Derry Girls: Season 1: Episode 1","4/29/19"
"Coco Before Chanel","4/28/19"
"Cuckoo: Season 1: The Homecoming","4/27/19"
"Angel Beats!: Season 1: Departure","4/27/19"
"BONDING: Season 1: Old Friends, New Names","4/27/19"
"Clueless","4/26/19"
"Brené Brown: The Call to Courage","4/23/19"
"After Life: Season 1: Episode 4","4/23/19"
"Fargo: Season 1: The Crocodile's Dilemma","4/23/19"
"Guilty Crown: Season 1: Genesis","4/22/19"
"Someone Great","4/20/19"
"Baby Driver","4/19/19"
"Our Planet: Season 1: One Planet","4/16/19"
"Chilling Adventures of Sabrina: Part 2: Chapter Twenty: The Mephisto Waltz","4/14/19"
"Chilling Adventures of Sabrina: Part 2: Chapter Nineteen: The Mandrake","4/14/19"
"Like Father","4/14/19"
"Unicorn Store","4/14/19"
"The Perfect Date","4/13/19"
"Chilling Adventures of Sabrina: Part 2: Chapter Eighteen: The Miracles of Sabrina Spellman","4/13/19"
"Chilling Adventures of Sabrina: Part 2: Chapter Twelve: The Epiphany","4/13/19"
"Chilling Adventures of Sabrina: Part 2: Chapter Seventeen: The Missionaries","4/12/19"
"Chilling Adventures of Sabrina: Part 2: Chapter Sixteen: Blackwood","4/11/19"
"Chilling Adventures of Sabrina: Part 2: Chapter Fifteen: Doctor Cerberus's House of Horror","4/10/19"
"Chilling Adventures of Sabrina: Part 2: Chapter Fourteen: Lupercalia","4/9/19"
"Chilling Adventures of Sabrina: Part 2: Chapter Thirteen: The Passion of Sabrina Spellman","4/8/19"
"Queer Eye: Season 3: Black Girl Magic","4/5/19"
"Champions: Season 1: Pilot","4/5/19"
"Northern Rescue: Season 1: Qué Sera","4/5/19"
"Love, Death & Robots: Volume 1: THREE ROBOTS","4/3/19"
"The Umbrella Academy: Season 1: The Day That Was","4/2/19"
"Love, Death & Robots: Volume 1: WHEN THE YOGURT TOOK OVER","4/2/19"
"After Life: Season 1: Episode 3","4/1/19"
"Brooklyn Nine-Nine: Season 5: White Whale","4/1/19"
"Brooklyn Nine-Nine: Season 5: Show Me Going","4/1/19"
"Brooklyn Nine-Nine: Season 5: Bachelor/ette Party","3/31/19"
"Brooklyn Nine-Nine: Season 5: Gray Star Mutual","3/31/19"
"Reign: Season 1: Pilot","3/31/19"
"Brooklyn Nine-Nine: Season 5: DFW","3/31/19"
"STEINS;GATE: Steins;Gate: Paranoia of Time Leaps","3/31/19"
"Blue Exorcist: Stop, Time","3/31/19"
"Blue Exorcist: Satan's Spawn","3/31/19"
"Blue Exorcist: Truth","3/31/19"
"Blue Exorcist: Demon Hunting","3/31/19"
"Blue Exorcist: The Secret Garden","3/30/19"
"Blue Exorcist: Mask","3/30/19"
"Blue Exorcist: An Ordinary Day","3/30/19"
"Blue Exorcist: Gufu","3/30/19"
"Blue Exorcist: Temptation","3/30/19"
"Blue Exorcist: The Wager","3/30/19"
"Blue Exorcist: Proof","3/30/19"
"Blue Exorcist: Act of Kindness","3/30/19"
"Blue Exorcist: A Fun Camping Trip","3/30/19"
"Brooklyn Nine-Nine: Season 5: NutriBoom","3/30/19"
"Brooklyn Nine-Nine: Season 5: The Puzzle Master","3/30/19"
"Brooklyn Nine-Nine: Season 5: The Box","3/30/19"
"Blue Exorcist: A Game of Tag","3/29/19"
"Brooklyn Nine-Nine: Season 5: The Negotiation","3/29/19"
"Blue Exorcist: Demon of the Deep Seas","3/28/19"
"Blue Exorcist: Black Cat","3/28/19"
"Blue Exorcist: Memories","3/28/19"
"Blue Exorcist: Now a Certain Man Was Sick...","3/28/19"
"Blue Exorcist: A Flock of Plovers","3/28/19"
"Blue Exorcist: The Phantom Chef","3/28/19"
"Blue Exorcist: A Boy from the Cursed Temple","3/28/19"
"Brooklyn Nine-Nine: Season 5: Safe House","3/28/19"
"Blue Exorcist: The Garden of Amahara","3/28/19"
"Gangster Squad","3/27/19"
"Brooklyn Nine-Nine: Season 5: The Favor","3/27/19"
"Brooklyn Nine-Nine: Season 5: Game Night","3/27/19"
"Selling Sunset: Season 1: The Gloves Come Off","3/27/19"
"After Life: Season 1: Episode 2","3/27/19"
"Selling Sunset: Season 1: It Takes Two to Make a Thing Go Right","3/27/19"
"Blue Exorcist: Brothers","3/26/19"
"Blue Exorcist: Gehenna Gate","3/26/19"
"Brooklyn Nine-Nine: Season 5: 99","3/26/19"
"Selling Sunset: Season 1: Real Estate Hunger Games","3/26/19"
"Selling Sunset: Season 1: The One That Got Away","3/26/19"
"Brooklyn Nine-Nine: Season 5: Return to Skyfire","3/25/19"
"Brooklyn Nine-Nine: Season 5: Two Turkeys","3/25/19"
"Brooklyn Nine-Nine: Season 5: The Venue","3/25/19"
"Selling Sunset: Season 1: Loose Lips Sink Relationships","3/25/19"
"Selling Sunset: Season 1: (Real) Diamonds Are a Girl's Best Friend","3/25/19"
"Brooklyn Nine-Nine: Season 5: Bad Beat","3/25/19"
"Brooklyn Nine-Nine: Season 5: HalloVeen","3/25/19"
"Selling Sunset: Season 1: Can't Have Your Cake and Eat It Too","3/24/19"
"Bridesmaids","3/24/19"
"Selling Sunset: Season 1: If Looks Could Sell","3/24/19"
"Blue Exorcist: The Devil Resides in Human Souls","3/22/19"
"Brooklyn Nine-Nine: Season 5: Kicks","3/22/19"
"Brooklyn Nine-Nine: Season 5: The Big House, Pt. 2","3/21/19"
"Brooklyn Nine-Nine: Season 5: The Big House, Pt. 1","3/21/19"
"Brooklyn Nine-Nine: Season 4: Crime & Punishment","3/20/19"
"Brooklyn Nine-Nine: Season 4: The Slaughterhouse","3/20/19"
"Brooklyn Nine-Nine: Season 4: Chasing Amy","3/20/19"
"Brooklyn Nine-Nine: Season 4: Your Honor","3/20/19"
"Brooklyn Nine-Nine: Season 4: Cop-Con","3/19/19"
"Brooklyn Nine-Nine: Season 4: Moo Moo","3/19/19"
"Brooklyn Nine-Nine: Season 4: The Last Ride","3/19/19"
"Brooklyn Nine-Nine: Season 4: Serve & Protect","3/19/19"
"Brooklyn Nine-Nine: Season 4: The Audit","3/19/19"
"Brooklyn Nine-Nine: Season 4: The Fugitive: Part 2","3/19/19"
"Brooklyn Nine-Nine: Season 4: The Fugitive: Part 1","3/19/19"
"Brooklyn Nine-Nine: Season 4: Captain Latvia","3/18/19"
"Brooklyn Nine-Nine: Season 4: The Overmining","3/18/19"
"Brooklyn Nine-Nine: Season 4: Skyfire Cycle","3/18/19"
"Isn't It Romantic","3/17/19"
"Brooklyn Nine-Nine: Season 4: Mr. Santiago","3/17/19"
"Brooklyn Nine-Nine: Season 4: Monster in the Closet","3/17/19"
"Brooklyn Nine-Nine: Season 4: Halloween IV","3/16/19"
"After Life: Season 1: Episode 1","3/15/19"
"The Disappearance of Madeleine McCann: Season 1: The Beneath Truth","3/15/19"
"Love, Death & Robots: Volume 1: SONNIE'S EDGE","3/15/19"
"Brooklyn Nine-Nine: Season 4: The Night Shift","3/15/19"
"Brooklyn Nine-Nine: Season 4: Coral Palms: Part 3","3/15/19"
"Brooklyn Nine-Nine: Season 4: Coral Palms: Part 2","3/14/19"
"Brooklyn Nine-Nine: Season 4: Coral Palms: Part 1","3/14/19"
"Brooklyn Nine-Nine: Season 3: Greg and Larry","3/13/19"
"Brooklyn Nine-Nine: Season 3: The Bureau","3/13/19"
"Brooklyn Nine-Nine: Season 3: Maximum Security","3/13/19"
"Brooklyn Nine-Nine: Season 3: Paranoia","3/13/19"
"Brooklyn Nine-Nine: Season 3: Terry Kitties","3/13/19"
"Brooklyn Nine-Nine: Season 3: Cheddar","3/13/19"
"Brooklyn Nine-Nine: Season 3: Adrian Pimento","3/13/19"
"Brooklyn Nine-Nine: Season 3: House Mouses","3/13/19"
"Brooklyn Nine-Nine: Season 3: The 9-8","3/13/19"
"Brooklyn Nine-Nine: Season 3: Karen Peralta","3/11/19"
"Brooklyn Nine-Nine: Season 3: The Cruise","3/11/19"
"Brooklyn Nine-Nine: Season 3: 9 Days","3/11/19"
"Brooklyn Nine-Nine: Season 3: Hostage Situation","3/10/19"
"Brooklyn Nine-Nine: Season 3: Yippie Kayak","3/10/19"
"Brooklyn Nine-Nine: Season 3: The Swedes","3/10/19"
"Tidying Up with Marie Kondo: Season 1: The Downsizers","3/9/19"
"Brooklyn Nine-Nine: Season 3: Ava","3/9/19"
"Brooklyn Nine-Nine: Season 3: The Mattress","3/9/19"
"The Order: Season 1: Hell Week: Part 1","3/9/19"
"Brooklyn Nine-Nine: Season 3: Into the Woods","3/9/19"
"Brooklyn Nine-Nine: Season 3: Halloween Part III","3/9/19"
"Brooklyn Nine-Nine: Season 3: The Oolong Slayer","3/9/19"
"Tidying Up with Marie Kondo: Season 1: From Students to Improvements","3/9/19"
"","3/8/19"
"Friends with Benefits","3/8/19"
"Brooklyn Nine-Nine: Season 3: Boyle's Hunch","3/8/19"
"Tidying Up with Marie Kondo: Season 1: Tidying With Toddlers","3/7/19"
"Brooklyn Nine-Nine: Season 3: The Funeral","3/7/19"
"Workin' Moms: Season 1: Finale","3/7/19"
"Workin' Moms: Season 1: Merde","3/6/19"
"Workin' Moms: Season 1: Bye Bye Kate","3/6/19"
"Workin' Moms: Season 1: The Coxswain","3/6/19"
"Workin' Moms: Season 1: Tricky Nipple","3/6/19"
"Workin' Moms: Season 1: Popsicle and a Hoop Earring","3/6/19"
"Workin' Moms: Season 1: Phoenix Rising","3/5/19"
"Workin' Moms: Season 1: The Wolf and the Rabbit","3/5/19"
"Workin' Moms: Season 1: Sophie's Choice-ish","3/5/19"
"Workin' Moms: Season 1: Bad Help","3/5/19"
"Workin' Moms: Season 1: Fem Card","3/4/19"
"Workin' Moms: Season 1: Rules","3/4/19"
"Workin' Moms: Season 1: Pilot","3/4/19"
"6 Years","3/3/19"
"Brooklyn Nine-Nine: Season 3: New Captain","3/3/19"
"Brooklyn Nine-Nine: Season 2: Johnny and Dora","3/3/19"
"Brooklyn Nine-Nine: Season 2: The Chopper","3/3/19"
"Mona Lisa Smile","3/3/19"
"The Umbrella Academy: Season 1: The Day That Wasn't","3/2/19"
"The Umbrella Academy: Season 1: Number Five","3/2/19"
"The Umbrella Academy: Season 1: Man on the Moon","3/1/19"
"Brooklyn Nine-Nine: Season 2: Det. Dave Majors","3/1/19"
"The Umbrella Academy: Season 1: Extra Ordinary","3/1/19"
"The Dressmaker","2/28/19"
"Brooklyn Nine-Nine: Season 2: AC/DC","2/28/19"
"Brooklyn Nine-Nine: Season 2: Sabotage","2/28/19"
"Brooklyn Nine-Nine: Season 2: Captain Peralta","2/27/19"
"The Umbrella Academy: Season 1: Run Boy Run","2/26/19"
"Brooklyn Nine-Nine: Season 2: Boyle-Linetti Wedding","2/25/19"
"Brooklyn Nine-Nine: Season 2: The Wednesday Incident","2/24/19"
"Brooklyn Nine-Nine: Season 2: Windbreaker City","2/24/19"
"Brooklyn Nine-Nine: Season 2: The Defense Rests","2/24/19"
"Bringing Sexy Back: Season 1: Episode 6","2/24/19"
"Bringing Sexy Back: Season 1: Episode 4","2/24/19"
"Brooklyn Nine-Nine: Season 2: Payback","2/24/19"
"Brooklyn Nine-Nine: Season 1: The Slump","2/23/19"
"The Umbrella Academy: Season 1: We Only See Each Other at Weddings and Funerals","2/23/19"
"Brooklyn Nine-Nine: Season 1: The Tagger","2/23/19"
"Brooklyn Nine-Nine: Season 1: Pilot","2/23/19"
"Crazy, Stupid, Love","2/22/19"
"Brooklyn Nine-Nine: Season 2: Beach House","2/20/19"
"Brooklyn Nine-Nine: Season 2: Stakeout","2/20/19"
"Big Mouth: Season 3: My Furry Valentine","2/15/19"
"Brooklyn Nine-Nine: Season 2: The Pontiac Bandit Returns","2/15/19"
"Brooklyn Nine-Nine: Season 2: The Road Trip","2/15/19"
"Brooklyn Nine-Nine: Season 2: Lockdown","2/15/19"
"Brooklyn Nine-Nine: Season 2: USPIS","2/15/19"
"Brooklyn Nine-Nine: Season 2: Jake and Sophia","2/14/19"
"Brooklyn Nine-Nine: Season 2: The Mole","2/13/19"
"Brooklyn Nine-Nine: Season 2: Halloween II","2/13/19"
"Brooklyn Nine-Nine: Season 2: The Jimmy Jab Games","2/11/19"
"Brooklyn Nine-Nine: Season 2: Chocolate Milk","2/10/19"
"Brooklyn Nine-Nine: Season 2: Undercover","2/10/19"
"Brooklyn Nine-Nine: Season 1: Charges and Specs","2/10/19"
"Brooklyn Nine-Nine: Season 1: Unsolvable","2/10/19"
"Brooklyn Nine-Nine: Season 1: Fancy Brudgom","2/10/19"
"Brooklyn Nine-Nine: Season 1: Tactical Village","2/10/19"
"Brooklyn Nine-Nine: Season 1: The Apartment","2/10/19"
"Brooklyn Nine-Nine: Season 1: Full Boyle","2/7/19"
"Brooklyn Nine-Nine: Season 1: The Party","2/7/19"
"Brooklyn Nine-Nine: Season 1: Operation: Broken Feather","2/7/19"
"Brooklyn Nine-Nine: Season 1: The Ebony Falcon","2/7/19"
"Brooklyn Nine-Nine: Season 1: The Bet","2/7/19"
"Brooklyn Nine-Nine: Season 1: Pontiac Bandit","2/7/19"
"Brooklyn Nine-Nine: Season 1: Christmas","2/7/19"
"Brooklyn Nine-Nine: Season 1: Thanksgiving","2/6/19"
"Brooklyn Nine-Nine: Season 1: Sal's Pizza","2/6/19"
"Brooklyn Nine-Nine: Season 1: Old School","2/6/19"
"Brooklyn Nine-Nine: Season 1: 48 Hours","2/6/19"
"Brooklyn Nine-Nine: Season 1: Halloween","2/6/19"
"The Ballad of Buster Scruggs","2/5/19"
"Brooklyn Nine-Nine: Season 1: The Vulture","2/5/19"
"Brooklyn Nine-Nine: Season 1: M.E. Time","2/5/19"
"The Americans: Season 2: Martial Eagle","2/4/19"
"Once Upon a Time: Season 1: Pilot","2/4/19"
"The Americans: Season 2: New Car","2/4/19"
"Every Day","2/3/19"
"The Americans: Season 2: Arpanet","2/3/19"
"Rick and Morty: Season 1: M. Night Shaym-Aliens!","2/3/19"
"Rick and Morty: Season 1: Anatomy Park","2/3/19"
"The Americans: Season 2: Behind the Red Door","2/3/19"
"The Americans: Season 2: The Deal","2/3/19"
"Velvet Buzzsaw","2/2/19"
"Lady-Like","2/2/19"
"The Americans: Season 2: A Little Night Music","2/2/19"
"The Americans: Season 2: The Walk In","2/2/19"
"The Americans: Season 2: Cardinal","2/1/19"
"The Americans: Season 2: Comrades","1/31/19"
"The Americans: Season 1: The Colonel","1/31/19"
"The Americans: Season 1: The Oath","1/30/19"
"The Americans: Season 1: Covert War","1/30/19"
"The Americans: Season 1: Only You","1/29/19"
"The Americans: Season 1: Safe House","1/29/19"
"The Americans: Season 1: Mutually Assured Destruction","1/29/19"
"The Americans: Season 1: Duty and Honor","1/27/19"
"The Americans: Season 1: Trust Me","1/27/19"
"The Americans: Season 1: COMINT","1/27/19"
"Titans: Season 1: Titans","1/25/19"
"How to Get Away With Murder: Season 4: Was She Ever Good at Her Job?","1/25/19"
"Conversations with a Killer: The Ted Bundy Tapes: Limited Series: Burn Bundy Burn","1/24/19"
"Conversations with a Killer: The Ted Bundy Tapes: Limited Series: Not My Turn to Watch Him","1/24/19"
"Conversations with a Killer: The Ted Bundy Tapes: Limited Series: One of Us","1/24/19"
"Conversations with a Killer: The Ted Bundy Tapes: Limited Series: Handsome Devil","1/24/19"
"How to Get Away With Murder: Season 4: It's for the Greater Good","1/24/19"
"House of Cards: Season 1: Chapter 1","1/20/19"
"Peter Rabbit: The Tale of the Radish Robber / The Tale of the Greedy Fox","1/20/19"
"Ontdek de wereld met Nijntje: Season 1: Nijntje in Europa","1/20/19"
"The Story of God with Morgan Freeman: Season 1: Beyond Death","1/20/19"
"Fargo: Season 1: The Rooster Prince","1/19/19"
"Schindler's List","1/19/19"
"The Americans: Season 1: In Control","1/19/19"
"Crazy Ex-Girlfriend: Season 1: I Hope Josh Comes to My Party!","1/19/19"
"STEINS;GATE: Steins;Gate: Prologue of the Beginning and End","1/16/19"
"Code Geass: Lelouch of the Rebellion: Season 1: Episode 1","1/16/19"
"How to Get Away With Murder: Season 4: I'm Not Her","1/16/19"
"The Americans: Season 1: Gregory","1/16/19"
"The Americans: Season 1: The Clock","1/13/19"
"The Americans: Season 1: Pilot","1/12/19"
"Mad Men: Season 1: Smoke Gets in Your Eyes","1/12/19"
"Hot Fuzz","1/11/19"
"Dynasty: Season 2: Snowflakes in Hell","1/8/19"
"The Assassination of Gianni Versace: Season 1: Descent","1/6/19"
"The Assassination of Gianni Versace: Season 1: Don't Ask Don't Tell","1/4/19"
"The Assassination of Gianni Versace: Season 1: House by the Lake","1/4/19"
"The Assassination of Gianni Versace: Season 1: A Random Killing","1/4/19"
"The Assassination of Gianni Versace: Season 1: Manhunt","1/2/19"
"The Assassination of Gianni Versace: Season 1: The Man Who Would Be Vogue","1/2/19"
"The Lord of the Rings: The Two Towers","1/2/19"
"The Lord of the Rings: The Fellowship of the Ring","1/1/19"
"It's a Boy Girl Thing","12/30/18"
"Black Mirror: Bandersnatch","12/30/18"
"You: Season 1: Bluebeard's Castle","12/28/18"
"You: Season 1: Candace","12/28/18"
"You: Season 1: Everythingship","12/28/18"
"You: Season 1: Amour Fou","12/27/18"
"You: Season 1: Living with the Enemy","12/27/18"
"You: Season 1: The Captain","12/27/18"
"You: Season 1: Maybe","12/27/18"
"You: Season 1: Pilot","12/27/18"
"Baby: Season 1: #Love","12/24/18"
"Baby: Season 1: The Last Shot","12/23/18"
"The Princess and the Frog","12/23/18"
"Baby: Season 1: Emma","12/23/18"
"Baby: Season 1: #Friendzone","12/23/18"
"Baby: Season 1: Puppet","12/22/18"
"Baby: Season 1: Superpowers","12/22/18"
"Modern Family: Season 7: Double-Click","12/22/18"
"Modern Family: Season 7: Crazy Train","12/22/18"
"Modern Family: Season 7: Promposal","12/22/18"
"Modern Family: Season 7: Man Shouldn't Lie","12/22/18"
"Modern Family: Season 7: The Party","12/20/18"
"Modern Family: Season 7: Express Yourself","12/20/18"
"Modern Family: Season 7: The Cover-Up","12/20/18"
"Modern Family: Season 7: I Don't Know How She Does It","12/20/18"
"Modern Family: Season 7: The Storm","12/20/18"
"Modern Family: Season 7: Thunk in the Trunk","12/20/18"
"Modern Family: Season 7: Clean for a Day","12/20/18"
"Modern Family: Season 7: Spread Your Wings","12/20/18"
"Modern Family: Season 7: Playdates","12/20/18"
"Modern Family: Season 7: White Christmas","12/20/18"
"Modern Family: Season 7: Clean Out Your Junk Drawer","12/20/18"
"Modern Family: Season 7: Phil's Sexy, Sexy House","12/20/18"
"Modern Family: Season 7: The More You Ignore Me","12/20/18"
"Modern Family: Season 7: The Verdict","12/20/18"
"Modern Family: Season 7: She Crazy","12/20/18"
"Modern Family: Season 7: The Closet Case","12/19/18"
"Modern Family: Season 7: The Day Alex Left for College","12/19/18"
"Modern Family: Season 7: Summer Lovin'","12/19/18"
"Modern Family: Season 6: American Skyper","12/19/18"
"Modern Family: Season 6: Crying Out Loud","12/18/18"
"Modern Family: Season 6: Patriot Games","12/18/18"
"Modern Family: Season 6: Integrity","12/18/18"
"Modern Family: Season 6: Knock 'Em Down","12/18/18"
"Modern Family: Season 6: Grill, Interrupted","12/18/18"
"Modern Family: Season 6: Spring Break","12/18/18"
"Modern Family: Season 6: Closet? You'll Love It!","12/18/18"
"Modern Family: Season 6: Connection Lost","12/18/18"
"Modern Family: Season 6: Fight or Flight","12/18/18"
"Modern Family: Season 6: Valentine's Day 4: Twisted Sister","12/18/18"
"Modern Family: Season 6: Rash Decisions","12/17/18"
"Chilling Adventures of Sabrina: Part 1: Chapter Eleven: A Midwinter's Tale","12/16/18"
"Modern Family: Season 6: The Big Guns","12/16/18"
"Modern Family: Season 6: The Day We Almost Died","12/16/18"
"Modern Family: Season 6: Haley's 21st Birthday","12/16/18"
"Modern Family: Season 6: Strangers in the Night","12/16/18"
"Modern Family: Season 6: Three Turkeys","12/16/18"
"Modern Family: Season 6: Queer Eyes, Full Hearts","12/16/18"
"Modern Family: Season 6: Halloween 3: AwesomeLand","12/16/18"
"Modern Family: Season 6: Won't You Be Our Neighbor","12/16/18"
"Modern Family: Season 6: Marco Polo","12/16/18"
"Modern Family: Season 6: The Cold","12/14/18"
"Modern Family: Season 6: Do Not Push","12/14/18"
"Modern Family: Season 6: The Long Honeymoon","12/14/18"
"Modern Family: Season 5: The Wedding, Part 2","12/14/18"
"Modern Family: Season 5: The Wedding, Part 1","12/14/18"
"Modern Family: Season 5: Message Received","12/14/18"
"Modern Family: Season 5: Sleeper","12/14/18"
"Modern Family: Season 5: Australia","12/14/18"
"Modern Family: Season 5: A Hard Jay's Night","12/14/18"
"Modern Family: Season 5: Las Vegas","12/14/18"
"Modern Family: Season 5: Other People's Children","12/14/18"
"Modern Family: Season 5: Spring-a-Ding-Fling","12/13/18"
"Modern Family: Season 5: The Feud","12/13/18"
"Modern Family: Season 5: iSpy","12/13/18"
"Modern Family: Season 5: Three Dinners","12/13/18"
"Modern Family: Season 5: Under Pressure","12/13/18"
"Modern Family: Season 5: And One to Grow On","12/13/18"
"Modern Family: Season 5: The Old Man & the Tree","12/13/18"
"Modern Family: Season 5: The Big Game","12/13/18"
"Modern Family: Season 5: ClosetCon '13","12/13/18"
"Modern Family: Season 5: A Fair to Remember","12/13/18"
"Modern Family: Season 5: The Help","12/13/18"
"Modern Family: Season 5: The Late Show","12/13/18"
"Modern Family: Season 5: Farm Strong","12/13/18"
"Modern Family: Season 5: Larry's Wife","12/12/18"
"Modern Family: Season 5: First Days","12/12/18"
"Modern Family: Season 5: Suddenly, Last Summer","12/11/18"
"Modern Family: Season 4: Goodnight, Gracie","12/11/18"
"Modern Family: Season 4: Games People Play","12/11/18"
"Modern Family: Season 4: My Hero","12/11/18"
"Modern Family: Season 4: Career Day","12/11/18"
"Modern Family: Season 4: Flip Flop","12/11/18"
"Modern Family: Season 4: The Future Dunphys","12/11/18"
"Modern Family: Season 4: The Wow Factor","12/11/18"
"Modern Family: Season 4: Best Men","12/11/18"
"Modern Family: Season 4: Bad Hair Day","12/10/18"
"Modern Family: Season 4: Heart Broken","12/10/18"
"Modern Family: Season 4: A Slight at the Opera","12/10/18"
"Modern Family: Season 4: Fulgencio","12/10/18"
"Modern Family: Season 4: Party Crasher","12/10/18"
"Mowgli: Legend of the Jungle","12/9/18"
"Modern Family: Season 4: New Year's Eve","12/9/18"
"Modern Family: Season 4: Diamond in the Rough","12/9/18"
"Modern Family: Season 4: When a Tree Falls","12/9/18"
"Modern Family: Season 4: Mistery Date","12/9/18"
"Modern Family: Season 4: Arrested","12/9/18"
"Modern Family: Season 4: Yard Sale","12/9/18"
"Modern Family: Season 4: Open House of Horrors","12/9/18"
"Modern Family: Season 4: The Butler's Escape","12/9/18"
"Modern Family: Season 4: Snip","12/9/18"
"Modern Family: Season 4: Schooled","12/9/18"
"Modern Family: Season 4: Bringing Up Baby","12/9/18"
"Blue Mountain State: Season 1: Piss Test","12/8/18"
"Insatiable: Season 1: Why Bad Things Happen","12/8/18"
"Bring It On: In It to Win It","12/8/18"
"Bring it On: All or Nothing","12/8/18"
"Insatiable: Season 1: Winners Win. Period.","12/8/18"
"Insatiable: Season 1: Banana Heart Banana","12/8/18"
"Insatiable: Season 1: Bad Kitty","12/7/18"
"Dynasty: Season 2: The Butler Did It","12/6/18"
"Insatiable: Season 1: Wieners and Losers","12/6/18"
"Insatiable: Season 1: Miss Magic Jesus","12/6/18"
"Insatiable: Season 1: Dunk 'N' Donut","12/6/18"
"Blue Mountain State: Season 1: Ransom","12/4/18"
"Insatiable: Season 1: Bikinis and Bitches","12/3/18"
"Insatiable: Season 1: WMBS","12/3/18"
"Insatiable: Season 1: Miss Bareback Buckaroo","12/3/18"
"Dynasty: Season 2: Ship of Vipers","12/3/18"
"Dynasty: Season 2: Twenty-Three Skidoo","12/3/18"
"Dynasty: Season 1: Dead Scratch","12/3/18"
"Dynasty: Season 1: Trashy Little Tramp","12/3/18"
"Dynasty: Season 1: A Line from the Past","12/3/18"
"Coco","12/2/18"
"Cars 3","12/2/18"
"Rango","12/2/18"
"","12/2/18"
"Insatiable: Season 1: Skinny Is Magic","12/1/18"
"Blue Mountain State: Season 1: Marathon Monday","12/1/18"
"Blue Mountain State: Season 1: Midterms","12/1/18"
"Blue Mountain State: Season 1: LAX","12/1/18"
"Blue Mountain State: Season 1: The Legend of Golden Arm","12/1/18"
"Blue Mountain State: Season 1: Drug Olympics","12/1/18"
"Blue Mountain State: Season 1: There's Only One Second Best","12/1/18"
"Blue Mountain State: Season 1: Rivalry Weekend","12/1/18"
"Blue Mountain State: Season 1: Pocket P*ssy","12/1/18"
"Blue Mountain State: Season 1: Promise Ring","12/1/18"
"Blue Mountain State: Season 1: It's Called Hazing, Look It Up","12/1/18"
"Dynasty: Season 1: Use or be Used","11/29/18"
"Dynasty: Season 1: Don’t Con a Con Artist","11/26/18"
"Dynasty: Season 1: Enter Alexis","11/26/18"
"Dynasty: Season 1: Poor Little Rich Girl","11/26/18"
"Dynasty: Season 1: Our Turn Now","11/25/18"
"Dynasty: Season 1: The Gospel According to Blake Carrington","11/25/18"
"Christmas Wedding Planner","11/25/18"
"Dynasty: Season 1: Nothing But Trouble","11/24/18"
"Dynasty: Season 1: Promises You Can’t Keep","11/24/18"
"Dynasty: Season 1: I Answer To No Man","11/23/18"
"Dynasty: Season 1: A Well Dressed Tarantula","11/23/18"
"Dynasty: Season 1: Rotten Things","11/23/18"
"Dynasty: Season 1: The Best Things In Life","11/23/18"
"Dynasty: Season 1: A Taste of Your Own Medicine","11/18/18"
"Addicted to Food: Season 1: If It's Not One Thing, It's Your Mother","11/18/18"
"Addicted to Food: Season 1: Exposed","11/18/18"
"The Princess Switch","11/18/18"
"Dynasty: Season 1: I Only Exist For Me","11/17/18"
"Addicted to Food: Season 1: Welcome to Treatment","11/17/18"
"Arrested Development: Season 1: Pilot","11/17/18"
"Watchmen","11/16/18"
"Dynasty: Season 1: Company Slut","11/16/18"
"Winnie the Pooh","11/16/18"
"Misfit","11/16/18"
"Brainchild: Season 1: Social Media","11/16/18"
"Great News: Season 2: Early Retirement","11/16/18"
"Great News: Season 2: The Fast Track","11/16/18"
"Great News: Season 2: Competing Offer","11/16/18"
"Great News: Season 2: Catfight","11/16/18"
"Great News: Season 2: Love Is Dead","11/16/18"
"Great News: Season 2: Sensitivity Training","11/16/18"
"Great News: Season 2: A Christmas Carol Wendelson","11/16/18"
"Great News: Season 2: Pool Show","11/16/18"
"Great News: Season 2: Night of the Living Screen","11/16/18"
"Great News: Season 2: Award Show","11/16/18"
"Great News: Season 2: Honeypot!","11/15/18"
"Great News: Season 2: Squad Feud","11/15/18"
"Great News: Season 2: Boardroom Bitch","11/15/18"
"Great News: Season 1: Carol's Eleven","11/15/18"
"Great News: Season 1: Carol Has a Bully","11/15/18"
"Great News: Season 1: Celebrity Hacking Scandal","11/15/18"
"Great News: Season 1: The Red Door","11/15/18"
"Great News: Season 1: Serial Arsonist","11/15/18"
"The Defiant Ones: Limited Series: Part 1","11/13/18"
"Friends with Money","11/12/18"
"The Good Place: Season 1: Everything Is Fine","11/12/18"
"My Perfect Romance","11/10/18"
"My Big Fat Greek Wedding","11/9/18"
"Children of Men","11/9/18"
"Office Christmas Party","11/9/18"
"Riverdale: Season 2: Chapter Thirty-Four: Judgment Night","11/9/18"
"Follow This: Part 1: The Future of Fakes","11/8/18"
"Nappily Ever After","11/8/18"
"Ozark: Season 1: Ruling Days","11/7/18"
"Ozark: Season 1: Tonight We Improvise","11/7/18"
"Ozark: Season 1: My Dripping Sleep","11/7/18"
"Great News: Season 1: Snowmaggedon of the Century","11/7/18"
"Great News: Season 1: War Is Hell","11/7/18"
"Great News: Season 1: Chuck Pierce Is Blind","11/7/18"
"Great News: Season 1: Bear Attack","11/7/18"
"Follow This: Part 1: Whores Day","11/7/18"
"Great News: Season 1: Pilot","11/7/18"
"DEATH NOTE: Season 1: Rebirth","11/6/18"
"The OA: Part I: Chapter 8: Invisible Self","11/6/18"
"The OA: Part I: Chapter 7: Empire of Light","11/6/18"
"The OA: Part I: Chapter 6: Forking Paths","11/6/18"
"The OA: Part I: Chapter 5: Paradise","11/6/18"
"The OA: Part I: Chapter 4: Away","11/5/18"
"The OA: Part I: Chapter 3: Champion","11/5/18"
"The OA: Part I: Chapter 2: New Colossus","11/5/18"
"The OA: Part I: Chapter 1: Homecoming","11/4/18"
"The IT Crowd: Series 1: Fifty-Fifty","11/4/18"
"Letters to Juliet","11/3/18"
"House of Z","11/3/18"
"Manolo: The Boy Who Made Shoes for Lizards","11/3/18"
"Crazy Ex-Girlfriend: Season 1: Josh's Girlfriend Is Really Cool!","11/3/18"
"Crazy Ex-Girlfriend: Season 1: Josh Just Happens to Live Here!","11/3/18"
"Valentine's Again","11/3/18"
"Making a Murderer: Part 1: Eighteen Years Lost","11/2/18"
"Romeo + Juliet","11/1/18"
"8 Mile","11/1/18"
"Peppa Pig: Season 2: Mysteries / George’s Friend / Mr. Scarecrow / Windy Autumn Day","11/1/18"
"Peppa Pig: Season 2: Bubbles / Emily Elephant / Polly's Holiday / Teddy’s Day Out","11/1/18"
"Jane The Virgin: Season 4: Chapter Eighty-One","10/31/18"
"Jane The Virgin: Season 4: Chapter Eighty","10/31/18"
"Jane The Virgin: Season 4: Chapter Seventy-Nine","10/31/18"
"Jane The Virgin: Season 4: Chapter Seventy-Eight","10/31/18"
"Jane The Virgin: Season 4: Chapter Seventy-Seven","10/31/18"
"Jane The Virgin: Season 4: Chapter Seventy-Six","10/31/18"
"Jane The Virgin: Season 4: Chapter Seventy-Five","10/31/18"
"Jane The Virgin: Season 4: Chapter Seventy-Four","10/31/18"
"Jane The Virgin: Season 4: Chapter Seventy-Three","10/31/18"
"Chilling Adventures of Sabrina: Part 1: Chapter Ten: The Witching Hour","10/30/18"
"Chilling Adventures of Sabrina: Part 1: Chapter Nine: The Returned Man","10/30/18"
"Chilling Adventures of Sabrina: Part 1: Chapter Eight: The Burial","10/29/18"
"Chilling Adventures of Sabrina: Part 1: Chapter Seven: Feast of Feasts","10/28/18"
"Chilling Adventures of Sabrina: Part 1: Chapter Six: An Exorcism in Greendale","10/28/18"
"Chilling Adventures of Sabrina: Part 1: Chapter Five: Dreams in a Witch House","10/27/18"
"Chilling Adventures of Sabrina: Part 1: Chapter Four: Witch Academy","10/26/18"
"Chilling Adventures of Sabrina: Part 1: Chapter Three: The Trial of Sabrina Spellman","10/26/18"
"Chilling Adventures of Sabrina: Part 1: Chapter Two: The Dark Baptism","10/26/18"
"Chilling Adventures of Sabrina: Part 1: Chapter One: October Country","10/26/18"
"Jane The Virgin: Season 4: Chapter Seventy-Two","10/26/18"
"Jane The Virgin: Season 4: Chapter Seventy-One","10/26/18"
"Jane The Virgin: Season 4: Chapter Seventy","10/25/18"
"Jane The Virgin: Season 4: Chapter Sixty-Nine","10/25/18"
"Jane The Virgin: Season 4: Chapter Sixty-Eight","10/24/18"
"Jane The Virgin: Season 4: Chapter Sixty-Seven","10/24/18"
"Jane The Virgin: Season 4: Chapter Sixty-Six","10/24/18"
"Jane The Virgin: Season 4: Chapter Sixty-Five","10/24/18"
"Riverdale: Season 2: Chapter Thirty-Three: Shadow of a Doubt","10/24/18"
"Riverdale: Season 2: Chapter Thirty-Two: Prisoners","10/24/18"
"The IT Crowd: Series 1: Calamity Jen","10/24/18"
"The IT Crowd: Series 1: Yesterday's Jam","10/24/18"
"Atypical: Season 2: Ernest Shackleton's Rules for Survival","10/22/18"
"Atypical: Season 2: The Smudging","10/22/18"
"Atypical: Season 2: Ritual-licious","10/22/18"
"Atypical: Season 2: Living at an Angle","10/22/18"
"Atypical: Season 2: In the Dragon's Lair","10/21/18"
"Atypical: Season 2: The Egg Is Pipping","10/21/18"
"Atypical: Season 2: Pants on Fire","10/21/18"
"Atypical: Season 2: Little Dude and the Lion","10/21/18"
"Atypical: Season 2: Penguin Cam and Chill","10/21/18"
"Atypical: Season 2: Juiced!","10/21/18"
"Atypical: Season 1: The Silencing Properties of Snow","10/21/18"
"Atypical: Season 1: I Lost My Poor Meatball","10/21/18"
"Atypical: Season 1: The D-Train to Bone Town","10/21/18"
"Atypical: Season 1: That’s My Sweatshirt","10/20/18"
"Atypical: Season 1: A Nice Neutral Smell","10/20/18"
"Atypical: Season 1: Julia Says","10/20/18"
"Atypical: Season 1: A Human Female","10/20/18"
"How to Get Away With Murder: Season 4: I'm Going Away","10/20/18"
"Elizabeth","10/19/18"
"Sherlock Holmes","10/19/18"
"Ratatouille","10/19/18"
"Scooby-Doo","10/19/18"
"The Haunting of Hill House: Silence Lay Steadily","10/18/18"
"The Haunting of Hill House: Screaming Meemies","10/17/18"
"The Haunting of Hill House: Witness Marks","10/17/18"
"The Haunting of Hill House: Open Casket","10/17/18"
"Maniac: Limited Series: Windmills","10/16/18"
"Maniac: Limited Series: The Chosen One!","10/16/18"
"Meet Joe Black","10/15/18"
"Super 8","10/15/18"
"The Haunting of Hill House: Steven Sees a Ghost","10/15/18"
"The Haunting of Hill House: Eulogy","10/15/18"
"The Haunting of Hill House: Two Storms","10/15/18"
"The Haunting of Hill House: The Bent-Neck Lady","10/15/18"
"Elite: Season 1: Assilah","10/15/18"
"Planet Earth: Season 1: The Shallow Seas","10/15/18"
"Planet Earth: Season 1: Jungles","10/15/18"
"Planet Earth: Season 1: Great Plains","10/15/18"
"Planet Earth: Season 1: Ice Worlds","10/15/18"
"Planet Earth: Season 1: Deserts","10/15/18"
"Planet Earth: Season 1: Caves","10/15/18"
"Planet Earth: Season 1: Fresh Water","10/15/18"
"Planet Earth: Season 1: Mountains","10/15/18"
"Explained: Season 1: The Stock Market","10/15/18"
"Planet Earth: Season 1: From Pole to Pole","10/14/18"
"Elite: Season 1: Everything Explodes","10/14/18"
"The Haunting of Hill House: The Twin Thing","10/14/18"
"The Haunting of Hill House: Touch","10/14/18"
"Elite: Season 1: Everything Will Be Okay","10/14/18"
"Elite: Season 1: Everyone Lies","10/14/18"
"Elite: Season 1: Love is a Drug","10/13/18"
"Elite: Season 1: Saturday Night","10/13/18"
"Elite: Season 1: Desire","10/13/18"
"Explained: Season 1: Why Diets Fail","10/13/18"
"She's Out of My League","10/12/18"
"Explained: Season 1: The World's Water Crisis","10/10/18"
"Sherlock: Series 3: The Abominable Bride","10/10/18"
"Big Mouth: Season 2: The Department of Puberty","10/10/18"
"Big Mouth: Season 2: Smooch or Share","10/10/18"
"Big Mouth: Season 2: Dark Side of the Boob","10/10/18"
"Better Call Saul: Season 4: Winner","10/10/18"
"Elite: Season 1: Welcome","10/8/18"
"Fate/EXTRA Last Encore: Oblitus Copernican Theory: Praeteritus Limbus Vorago","10/8/18"
"Penny Dreadful: Season 1: Night Work","10/8/18"
"Atypical: Season 1: Antarctica","10/8/18"
"Big Mouth: Season 2: Guy Town","10/7/18"
"Big Mouth: Season 2: Drug Buddies","10/7/18"
"Big Mouth: Season 2: The Planned Parenthood Show","10/7/18"
"Big Mouth: Season 2: Steve the Virgin","10/7/18"
"Big Mouth: Season 2: The Shame Wizard","10/7/18"
"Big Mouth: Season 2: What Is It About Boobs?","10/6/18"
"Big Mouth: Season 2: Am I Normal?","10/6/18"
"BoJack Horseman: Season 5: Free Churro","10/5/18"
"Better Call Saul: Season 4: Wiedersehen","10/4/18"
"Better Call Saul: Season 4: Coushatta","10/4/18"
"Better Call Saul: Season 4: Something Stupid","10/1/18"
"American Vandal: Season 1: Clean Up","9/26/18"
"Before I Fall","9/23/18"
"Mac & Devin Go to High School","9/23/18"
"American Vandal: Season 1: Climax","9/23/18"
"American Vandal: Season 1: Gag Order","9/23/18"
"American Vandal: Season 1: Premature Theories","9/23/18"
"American Vandal: Season 1: Growing Suspicion","9/23/18"
"Sierra Burgess Is a Loser","9/16/18"
"The Good Wife: Season 1: Hybristophilia","9/16/18"
"The Good Wife: Season 1: Unplugged","9/16/18"
"The Good Wife: Season 1: Mock","9/16/18"
"BoJack Horseman: Season 5: The Stopped Show","9/15/18"
"BoJack Horseman: Season 5: The Showstopper","9/15/18"
"BoJack Horseman: Season 5: Head in the Clouds","9/15/18"
"BoJack Horseman: Season 5: Ancient History","9/15/18"
"BoJack Horseman: Season 5: Mr. Peanutbutter's Boos","9/15/18"
"BoJack Horseman: Season 5: INT. SUB","9/15/18"
"BoJack Horseman: Season 5: The Amelia Earhart Story","9/15/18"
"BoJack Horseman: Season 5: BoJack the Feminist","9/15/18"
"BoJack Horseman: Season 5: Planned Obsolescence","9/15/18"
"BoJack Horseman: Season 5: The Dog Days Are Over","9/15/18"
"BoJack Horseman: Season 5: The Light Bulb Scene","9/14/18"
"BoJack Horseman: Season 1: One Trick Pony","9/14/18"
"The Good Wife: Season 1: Boom","9/9/18"
"BoJack Horseman: Season 1: Horse Majeure","9/9/18"
"Amazing Interiors: Season 1: Chicago Cubs Cave, Aquarium House, The Love Boat","9/9/18"
"I AM A KILLER: Season 1: Means to an End","9/9/18"
"Mad Men: Season 7: The Monolith","9/9/18"
"Mad Men: Season 7: Field Trip","9/9/18"
"The Good Wife: Season 1: Doubt","9/8/18"
"The Good Wife: Season 1: Heart","9/8/18"
"The Good Wife: Season 1: Fleas","9/8/18"
"BoJack Horseman: Season 1: The Telescope","9/8/18"
"BoJack Horseman: Season 1: Say Anything","9/8/18"
"The Good Wife: Season 1: Bang","9/8/18"
"Inside the Criminal Mind: Season 1: Serial Killers","9/7/18"
"The Good Wife: Season 1: Hi","9/7/18"
"The Good Wife: Season 1: Bad","9/7/18"
"Better Call Saul: Season 4: Quite a Ride","9/6/18"
"Better Call Saul: Season 4: Talk","9/6/18"
"Black Mirror: Season 3: San Junipero","9/5/18"
"Black Mirror: Season 3: Playtest","9/5/18"
"BoJack Horseman: Season 1: Our A-Story Is a 'D' Story","9/5/18"
"BoJack Horseman: Season 1: Live Fast, Diane Nguyen","9/5/18"
"Black Mirror: Season 3: Nosedive","9/5/18"
"Black Mirror: Season 4: USS Callister","9/5/18"
"BoJack Horseman: Season 1: Zoës and Zeldas","9/4/18"
"BoJack Horseman: Season 1: Prickly-Muffin","9/4/18"
"BoJack Horseman: Season 1: BoJack Hates the Troops","9/4/18"
"The Good Wife: Season 1: Painkiller","9/4/18"
"The Good Wife: Season 1: Infamy","9/3/18"
"The Good Wife: Season 1: Lifeguard","9/3/18"
"The Good Wife: Season 1: Threesome","9/3/18"
"The Good Wife: Season 1: Unprepared","9/3/18"
"The Good Wife: Season 1: Unorthodox","9/3/18"
"The Good Wife: Season 1: Conjugal","9/2/18"
"The Good Wife: Season 1: Crash","9/2/18"
"The Good Wife: Season 1: Fixed","9/2/18"
"The Good Wife: Season 1: Home","9/2/18"
"The Good Wife: Season 1: Stripped","9/2/18"
"He's Just Not That Into You","8/30/18"
"BoJack Horseman: Season 1: BoJack Horseman: The BoJack Horseman Story, Chapter One","8/29/18"
"Disenchantment: Part 1: For Whom the Pig Oinks","8/25/18"
"Disenchantment: Part 1: A Princess, an Elf, and a Demon Walk Into a Bar","8/25/18"
"Better Call Saul: Season 4: Something Beautiful","8/25/18"
"The Good Wife: Season 1: Pilot","8/25/18"
"Follow This: Part 1: Black Survivalists","8/25/18"
"Follow This: Part 1: The Internet Whisperers","8/25/18"
"Gilmore Girls: Season 1: Pilot","8/25/18"
"The Ugly Truth","8/24/18"
"2001: A Space Odyssey","8/23/18"
"The Good Place: Season 2: The Burrito","8/23/18"
"The Dictator","8/20/18"
"The Matrix","8/20/18"
"Explained: Season 1: Weed","8/20/18"
"Insatiable: Season 1: Pilot","8/20/18"
"To All the Boys I’ve Loved Before","8/19/18"
"Sense8: Season 2: Polyphony","8/18/18"
"Sense8: Season 2: Obligate Mutualisms","8/18/18"
"Sense8: Season 2: Who Am I?","8/18/18"
"Friends: Season 1: The One Where Monica Gets a Roommate (Pilot)","8/18/18"
"A Clockwork Orange","8/18/18"
"Better Call Saul: Season 4: Breathe","8/17/18"
"Sense8: Season 1: Death Doesn’t Let You Say Goodbye","8/17/18"
"Sense8: Season 1: We Will All Be Judged by the Courage of Our Hearts","8/17/18"
"Sense8: Season 1: W. W. N. Double D?","8/17/18"
"Orange Is the New Black: Season 4: People Persons","8/16/18"
"The Good Place: Season 1: Michael's Gambit","8/15/18"
"The Good Place: Season 1: Mindy St. Claire","8/15/18"
"The Good Place: Season 1: What's My Motivation","8/15/18"
"Orange Is the New Black: Season 4: Bunny, Skull, Bunny, Skull","8/15/18"
"Transformers","8/15/18"
"Better Call Saul: Season 4: Smoke","8/14/18"
"Better Call Saul: Season 1: Uno","8/14/18"
"Orange Is the New Black: Season 4: Turn Table Turn","8/14/18"
"Orange Is the New Black: Season 4: Friends in Low Places","8/14/18"
"Vikings: Season 1: Rites of Passage","8/13/18"
"Orange Is the New Black: Season 4: It Sounded Nicer in My Head","8/13/18"
"Queer Eye: Season 2: God Bless Gay","8/13/18"
"The Good Place: Season 1: Chidi's Choice","8/13/18"
"Orange Is the New Black: Season 4: Piece of Sh*t","8/13/18"
"The Good Place: Season 1: Jason Mendoza","8/12/18"
"Paddington","8/12/18"
"Orange Is the New Black: Season 4: We’ll Always Have Baltimore","8/12/18"
"Orange Is the New Black: Season 4: Doctor Psycho","8/12/18"
"Charlie and the Chocolate Factory","8/11/18"
"The Guernsey Literary and Potato Peel Pie Society","8/11/18"
"Explained: Season 1: Astrology","8/11/18"
"Orange Is the New Black: Season 4: (Don’t) Say Anything","8/11/18"
"Orange Is the New Black: Season 4: Power Suit","8/10/18"
"Orange Is the New Black: Season 4: Work That Body for Me","8/10/18"
"Seven","8/10/18"
"Guardians of the Galaxy Vol. 2","8/10/18"
"The Blue Planet: A Natural History of the Oceans: Season 1: The Deep","8/10/18"
"The Blue Planet: A Natural History of the Oceans: Season 1: Ocean World","8/10/18"
"Demetri Martin: The Overthinker","8/10/18"
"Flavors of Youth: International Version","8/10/18"
"Orange Is the New Black: Season 3: Trust No Bitch","8/10/18"
"Orange Is the New Black: Season 3: Don’t Make Me Come Back There","8/10/18"
"Orange Is the New Black: Season 3: We Can Be Heroes","8/10/18"
"Orange Is the New Black: Season 1: I Wasn't Ready","8/10/18"
"The Staircase: Season 1: A Striking Coincidence","7/21/18"
"The Staircase: Season 1: Secrets and Lies","7/21/18"
"The Staircase: Season 1: Crime or Accident?","7/21/18"
"Casting JonBenet","7/20/18"
"Mad Men: Season 7: A Day's Work","7/20/18"
"Designated Survivor: Season 2: Equilibrium","7/17/18"
"Designated Survivor: Season 2: Outbreak","7/17/18"
"Designated Survivor: Season 2: Sting of the Tail","7/17/18"
"Designated Survivor: Season 2: One Year In","7/17/18"
"The Good Place: Season 1: Tahani Al-Jamil","1/3/18"
"The Good Place: Season 1: Flying","1/3/18"
"Sex and the City 2","1/2/18"
"Easy: Season 2: Open Marriage","1/1/18"
"Easy: Season 1: Vegan Cinderella","1/1/18"
"Easy: Season 1: The F**king Study","1/1/18"
"The Crown: Season 1: Wolferton Splash","1/1/18"
"Black Mirror: Season 4: Arkangel","12/30/17"
"Black Mirror: Season 1: Fifteen Million Merits","12/30/17"
